name,nat,tm,age,pos,cm,kg,app,min,G,A,yel,red,spG,pa%,aerWon,moM,tac,int,fouls,offW,clear,drbP,blcks,ownG,KP,drb,fouled,cOff,disp,unsT,avgP,crosses,longB,thrB,season
Henri Lansbury,Arsenal,eng,25,M(C),183,85,0(2),24,-,-,1,-,-,88.2,-,-,0.5,0.5,0.5,-,-,-,-,-,0.5,-,-,-,-,-,8.5,-,1,-,2011-12
Mikel Arteta,Arsenal,es,34,M(C),183,64,29,2475,6,2,4,-,1.4,90.8,0.6,3,2.5,1.9,1.4,0.1,0.4,1.1,0.2,-,2.1,0.7,1.9,-,0.9,0.6,76.9,1,5.2,0.2,2011-12
Tomas Rosicky,Arsenal,cz,35,M(CR),178,65,19(9),1760,1,4,4,-,1.4,85.3,0.4,1,1.4,0.9,0.9,-,0.1,0.4,-,-,1.5,1.2,0.8,-,1.1,0.6,45.5,0.5,1.3,0.4,2011-12
Abou Diaby,Arsenal,fr,30,M(C),191,75,0(4),91,-,-,1,-,0.8,87.1,0.5,-,0.3,0.5,0.5,-,0.3,-,0.3,-,-,1.5,0.3,-,2,0.5,17.5,-,0.8,-,2011-12
Bacary Sagna,Arsenal,fr,33,D(CR),176,72,20(1),1701,1,2,2,-,0.5,85.5,2.7,1,2,1.7,0.6,0.3,2.4,0.6,-,-,0.9,0.1,1.2,-,0.9,0.2,53.6,1,1.8,-,2011-12
Ignasi Miquel,Arsenal,es,23,D(C),189,85,1(3),215,-,-,-,-,0.3,78.4,0.5,-,2,2.3,0.3,1.5,2.8,0.5,0.5,-,-,-,0.3,0.3,0.3,0.5,34.8,0.8,2.3,-,2011-12
Marouane Chamakh,Arsenal,ma,32,"AM(C),FW",185,70,1(10),169,1,-,-,-,0.7,72.2,1,-,0.5,0.1,0.1,-,0.5,-,0.1,-,0.2,0.1,0.7,-,0.5,0.4,7.2,0.1,-,0.1,2011-12
Yossi Benayoun,Arsenal,il,36,M(R),178,70,10(9),901,4,1,1,-,1.1,81.1,0.3,1,0.8,1.1,0.7,0.1,0.4,0.5,-,-,0.7,0.6,0.5,-,0.7,0.8,21.5,-,0.3,0.2,2011-12
Sébastien Squillaci,Arsenal,fr,36,D(C),185,80,0(1),9,-,-,-,-,-,100,-,-,-,-,-,1,2,-,-,-,-,-,-,-,-,-,3,-,-,-,2011-12
Per Mertesacker,Arsenal,de,31,D(C),198,90,21,1830,-,-,2,-,0.4,89.2,1.4,-,0.8,1.7,0.4,0.7,4.4,0.2,0.6,-,0.1,0.1,0.6,-,-,0.3,52,-,2.3,-,2011-12
Alex Oxlade Chamberlain,Arsenal,eng,23,M(CLR),180,70,6(10),556,2,1,-,-,0.9,84.4,0.2,-,0.6,0.4,0.3,-,0.1,0.2,-,-,0.7,1.6,0.6,0.1,1.9,0.6,15.2,0.4,1.1,0.1,2011-12
Thomas Vermaelen,Arsenal,be,30,D(CL),183,80,28(1),2478,6,1,7,-,1.3,85.5,1.9,2,1.6,2.3,1.1,1,4.1,0.1,0.5,1,0.3,0.2,0.8,-,0.1,0.6,50.3,0.1,3.6,-,2011-12
Samir Nasri,Arsenal,fr,29,M(CLR),175,75,1,90,-,-,-,-,2,88.1,-,-,1,1,1,-,-,-,-,-,2,4,-,-,9,-,59,1,1,-,2011-12
Kieran Gibbs,Arsenal,eng,26,D(L),178,70,15(1),1253,1,-,1,-,0.5,83.1,1.4,1,2.1,1.6,0.6,0.7,2.2,0.3,0.3,-,0.6,1.1,0.6,0.2,0.6,0.8,38.8,0.3,1,0.1,2011-12
Armand Traore,Arsenal,sn,26,"D(L),M(L)",185,81,1,90,-,-,-,-,-,85.3,-,-,2,2,-,1,6,2,-,-,-,1,-,-,3,-,34,-,-,-,2011-12
Wojciech Szczesny,Arsenal,pl,26,GK,196,84,38,3420,-,-,2,-,-,62.1,0.1,1,-,-,0.1,-,1.3,-,-,-,-,0.1,0.1,-,-,-,26.9,-,5.8,-,2011-12
Laurent Koscielny,Arsenal,fr,31,D(C),186,75,33,2874,2,1,9,-,0.6,84.8,1.9,2,2.6,2.8,1,1.5,5.1,0.4,0.5,2,0.4,0.5,0.8,-,0.3,0.5,51.5,0.2,2.2,-,2011-12
Francis Coquelin,Arsenal,fr,25,M(CL),178,74,6(4),631,-,1,2,-,0.1,84.7,0.5,-,3.2,1.9,0.5,0.2,1.4,0.9,0.2,-,0.4,0.7,1.1,0.1,2.2,0.2,39.3,0.2,2.1,0.1,2011-12
Carl Jenkinson,Arsenal,eng,24,D(R),185,77,5(4),494,-,1,-,1,0.1,86.2,-,-,1.7,0.3,1.1,0.7,1.4,0.4,0.2,-,0.7,0.1,0.1,-,0.6,0.7,29.8,0.6,3,-,2011-12
Theo Walcott,Arsenal,eng,27,"M(LR),FW",176,68,32(3),2749,8,8,1,-,2.2,79.3,0.3,-,0.5,0.5,0.4,-,0.2,0.5,-,-,1.2,1,1.2,0.7,1.9,2.3,24,0.5,-,0.1,2011-12
André Santos,Arsenal,br,33,"D(L),M(CL)",180,73,10(5),1012,2,-,2,-,1.1,86.2,1.3,-,3.3,2.3,1.2,0.1,1,1.1,0.2,-,0.8,0.9,0.5,-,1.1,0.5,51.9,0.3,1.6,0.1,2011-12
Nicklas Bendtner,Arsenal,dk,28,FW,194,89,0(1),10,-,-,-,-,-,77.8,-,-,-,-,-,-,-,-,-,-,-,-,-,-,-,-,9,-,-,-,2011-12
Nico Yennaris,Arsenal,eng,23,"D(R),DMC",175,65,0(1),45,-,-,-,-,-,94.4,-,-,4,1,-,1,3,1,-,-,2,-,-,-,-,-,18,3,1,-,2011-12
Aaron Ramsey,Arsenal,wls,25,M(CR),178,76,27(7),2466,2,4,3,-,1.8,87.3,0.3,-,1.7,0.8,0.9,-,0.3,0.9,0.1,1,1.6,1,0.8,-,2.6,1.6,56.6,0.3,3.1,0.2,2011-12
Alexandre Song,Arsenal,cm,29,M(C),185,74,34,2999,1,11,10,-,0.4,84.3,0.7,-,2.9,1.9,2.1,0.1,1.2,1.4,0.3,1,1.4,0.7,1.1,-,1.6,1,66.1,0.1,3.3,0.7,2011-12
Robin van Persie,Arsenal,nl,33,FW,183,71,37(1),3334,30,10,8,-,4.6,78.6,0.7,12,0.5,0.3,0.8,-,1.2,0.2,0.1,-,2.4,1.1,1,1.2,2.4,1.4,27.2,1.3,0.7,0.4,2011-12
Andrey Arshavin,Arsenal,ru,35,AM(LR),172,69,8(11),722,1,3,1,-,1.4,74.4,-,-,0.5,0.4,0.3,-,0.2,0.5,0.1,-,1,0.6,0.2,0.2,0.6,0.9,17.9,0.3,0.2,0.3,2011-12
Thierry Henry,Arsenal,fr,39,"AM(L),FW",188,84,0(4),94,2,-,-,-,1,60.5,0.5,-,0.3,0.5,0.3,-,-,-,-,-,-,0.3,0.3,0.5,0.3,-,9.5,-,0.3,-,2011-12
Gervinho,Arsenal,ci,29,"M(LR),FW",179,66,19(9),1688,4,6,-,1,1.4,84.7,0.1,1,0.9,0.7,0.4,-,0.1,0.3,-,-,1.3,1.4,0.7,0.2,1.8,1.5,22,0.1,-,0.1,2011-12
Park Chu-Young,Arsenal,kr,31,FW,182,70,0(1),6,-,-,-,-,-,75,-,-,-,-,-,-,-,-,-,-,-,-,-,-,-,-,4,-,1,-,2011-12
Emmanuel Frimpong,Arsenal,gh,24,M(C),180,70,3(3),218,-,-,-,1,0.3,81.2,0.2,-,1.7,1.3,1.3,-,0.3,0.7,0.3,-,0.3,0.3,0.8,-,0.3,0.3,27.5,-,1.3,-,2011-12
Johan Djourou,Arsenal,ch,29,D(C),191,87,14(4),1167,-,1,3,1,0.2,90,1.1,-,1.4,0.7,0.7,0.8,2.3,0.6,0.4,-,0.3,0.6,0.5,0.1,0.4,0.6,35.4,0.1,1.4,0.1,2011-12
Tuncay,Bolton,tr,34,"M(L),FW",182,70,3(13),386,-,-,-,-,0.6,71.4,0.6,-,0.6,0.3,0.3,-,0.3,0.1,0.1,-,0.3,0.3,0.4,0.2,0.4,0.8,8.3,0.2,0.1,-,2011-12
Ivan Klasnic,Bolton,hr,36,"AM(L),FW",186,82,16(13),1500,8,4,3,1,1.6,70.5,0.4,2,0.7,0.5,0.9,-,0.6,0.3,0.1,-,1,0.3,0.4,0.2,1.4,1.3,17.4,-,0.8,0.2,2011-12
Nigel Reo-Coker,Bolton,eng,32,"D(R),M(C)",176,78,37,3265,3,-,7,-,0.6,84.1,0.3,1,2.3,2.2,1.4,0.1,0.8,0.8,0.2,-,0.6,0.8,0.8,-,1.6,1.1,45.1,0.1,2.9,0.1,2011-12
Robbie Blake,Bolton,eng,40,AM(CL),175,76,0(1),4,-,-,-,-,-,77.8,-,-,1,-,-,-,-,-,-,-,-,-,-,-,-,-,9,-,-,-,2011-12
Dedryck Boyata,Bolton,be,25,D(C),188,84,13(1),1124,1,-,3,-,0.5,77.6,0.5,-,2.3,2.4,0.8,0.4,3,0.5,0.5,-,0.4,0.6,0.4,-,0.8,0.8,31.9,0.1,1.2,0.1,2011-12
Paul Robinson,Bolton,eng,37,D(CL),175,72,15(2),1420,-,1,4,-,-,76.8,1.2,-,2.7,2.4,0.9,0.4,3.7,0.8,0.7,-,0.3,0.1,0.9,-,0.4,0.3,41.1,0.1,2.4,0.1,2011-12
Tyrone Mears,Bolton,eng,33,D(R),181,74,1,90,-,-,-,-,1,80,2,-,1,3,-,1,6,-,-,-,-,-,1,-,-,1,40,1,2,-,2011-12
Gary Cahill,Bolton,eng,30,D(C),193,86,19,1638,2,-,2,1,0.8,74.4,3.3,1,0.7,2.1,0.9,1.9,9.8,0.3,1.3,-,0.1,0.2,0.6,-,0.4,0.4,30.9,0.1,2.5,-,2011-12
Joe Riley,Bolton,eng,24,Defender,183,71,2(1),201,-,-,-,-,0.3,50,1,-,3,1.7,-,0.3,2.7,1.3,-,-,-,1,-,-,1,0.3,29.3,-,2.3,-,2011-12
Fabrice Muamba,Bolton,eng,28,"M(CR),FW",188,78,18(2),1330,1,1,2,-,0.6,75.7,0.9,-,2.6,2,1.4,0.1,0.8,0.6,0.1,-,0.4,0.4,0.4,-,0.8,0.6,18.3,-,1.2,0.1,2011-12
Adam Bogdan,Bolton,hu,28,GK,193,82,20,1800,-,-,-,-,-,41,-,1,-,-,0.1,-,0.8,0.1,-,-,0.1,-,0.1,-,-,0.1,33,-,12,-,2011-12
Lee Chung-yong,Bolton,kr,28,M(CLR),180,75,0(2),17,-,-,-,-,0.5,58.3,0.5,-,0.5,0.5,0.5,-,-,-,-,-,0.5,-,-,-,-,-,6,-,-,-,2011-12
Sam Ricketts,Bolton,wls,34,"D(CR),DMC",185,76,20,1800,1,1,3,-,0.7,59.9,1.7,-,1.9,2,1.2,0.5,3.4,0.9,0.5,-,0.6,0.8,0.9,-,0.7,0.8,32.3,0.3,1,-,2011-12
Marcos Alonso,Bolton,es,25,"D(CL),M(L)",188,81,4(1),332,1,-,-,-,1,70.5,1.2,-,1.8,2.6,0.8,0.8,5.4,1.6,-,-,0.6,1,0.4,-,1,0.6,33.2,-,1.6,-,2011-12
Ryo Miyaichi,Bolton,jp,23,M(L),183,71,8(4),683,-,2,-,-,0.8,70.3,0.4,1,0.7,0.4,0.1,-,0.4,0.5,0.1,-,1.8,0.8,0.8,0.3,0.9,1.1,13.2,1.6,0.1,-,2011-12
David Wheater,Bolton,eng,29,D(C),196,82,24,2010,2,2,1,2,0.8,68.8,2.2,1,1.8,2.3,1.2,1.5,8.3,0.6,1.4,-,0.3,-,0.2,-,0.1,0.5,24.3,-,1.9,-,2011-12
Ricardo Gardner,Bolton,jm,37,AM(C),175,70,2(2),161,-,-,-,1,0.3,76.1,-,-,2,2,1.5,-,0.8,-,0.5,-,0.5,0.5,0.8,-,0.8,0.8,16.8,-,0.5,-,2011-12
Jussi Jääskeläinen,Bolton,fi,41,GK,191,81,18,1620,-,-,1,-,-,47.9,0.1,-,-,0.1,-,-,1.2,-,-,-,0.1,0.1,0.1,-,0.1,-,37,-,15.5,-,2011-12
Marvin Sordell,Bolton,eng,25,FW,178,80,0(3),39,-,-,-,-,1.3,72.7,0.3,-,-,-,-,-,-,-,-,-,0.3,-,-,-,0.7,0.3,3.7,0.3,-,-,2011-12
Mark Davies,Bolton,eng,28,M(CLR),180,74,29(6),2750,4,-,4,-,0.7,87.3,0.2,1,2.2,1.4,1,0.1,0.5,0.4,0.3,-,1,1.3,1,-,1.1,1.1,30.2,0.1,2.3,-,2011-12
Zat Knight,Bolton,eng,36,D(C),199,103,21(4),1982,-,-,1,-,0.2,69.5,1,-,1.8,2,0.3,0.8,8.7,0.6,0.6,-,0.1,0.1,0.3,-,-,0.2,22,-,2.6,-,2011-12
Grétar Steinsson,Bolton,is,34,D(R),189,78,20(3),1883,1,-,6,-,0.7,66.7,1,-,1.5,1.9,0.9,0.1,4.2,0.6,0.7,1,0.4,-,0.4,0.1,0.4,0.4,27.7,0.2,1.5,-,2011-12
Josh Vela,Bolton,eng,22,"D(R),DMC",181,73,0(3),38,-,-,1,-,-,83.3,-,-,1,-,0.3,-,0.3,-,-,-,-,-,-,-,-,0.3,10,-,0.7,-,2011-12
Darren Pratley,Bolton,eng,31,M(CL),185,69,14(11),1273,1,-,4,-,0.7,79.3,0.3,-,1.6,1,1.2,-,0.8,0.5,0.1,-,0.2,0.2,0.6,0.1,0.5,0.8,18,0.1,0.7,-,2011-12
Martin Petrov,Bolton,bg,37,"M(CL),FW",180,77,30(1),2573,4,6,1,-,2.3,77.7,0.1,-,0.4,0.8,0.1,-,0.3,0.5,-,-,2,0.5,0.5,0.1,1.1,1.2,27.2,2.4,1,0.1,2011-12
Kevin Davies,Bolton,eng,39,"AM(L),FW",183,82,21(10),1870,6,2,3,-,1.3,57.3,2.5,1,1.1,0.5,1.9,-,1.1,0.3,0.1,-,1,0.1,1.3,0.5,1,1.9,29.1,-,0.3,-,2011-12
Chris Eagles,Bolton,eng,30,M(LR),183,70,26(8),2306,4,6,1,-,2.8,74.2,0.3,2,1.3,1.5,0.5,-,0.2,0.6,0.1,-,1.5,1.1,1.1,-,1.3,1.4,25.6,1.4,0.5,0.1,2011-12
David Ngog,Bolton,fr,27,FW,190,76,24(9),2047,3,4,2,-,1.8,66.5,1.9,1,1.2,0.5,2.1,-,0.8,0.4,0.1,-,1,0.5,1.6,0.5,2.4,3.2,22.3,-,0.4,0.2,2011-12
Gaël Kakuta,Bolton,fr,25,M(LR),172,65,0(4),67,-,-,-,-,0.5,81.5,0.3,-,0.8,-,-,-,-,-,-,-,-,0.8,0.3,-,0.8,0.3,6.8,-,0.3,-,2011-12
Tim Ream,Bolton,us,28,"D(CL),DMC",186,73,13,1170,-,1,1,-,0.1,79.6,1.3,-,1.4,3.2,0.3,1.3,9.1,0.6,1,-,0.3,0.1,0.2,-,0.3,0.4,30.5,0.1,2.5,-,2011-12
Salomon Kalou,Chelsea,ci,31,"AM(LR),FW",184,77,7(5),577,1,1,-,-,1.1,81.1,0.3,-,0.7,0.3,0.3,-,0.5,0.3,-,-,1.4,0.9,0.5,0.3,1.3,1,21.2,0.2,0.4,0.3,2011-12
Romelu Lukaku,Chelsea,be,23,FW,190,94,1(7),158,-,1,-,-,1.1,81.1,0.3,-,0.3,-,0.4,-,0.3,-,-,-,0.6,0.5,0.1,0.3,1.5,0.6,6.6,0.3,-,-,2011-12
Juan Mata,Chelsea,es,28,AM(CLR),170,63,29(5),2533,6,13,2,-,1.9,87,-,2,0.7,0.6,0.5,-,0.2,0.8,-,-,3,0.9,0.9,0.5,1.7,1.2,43.7,1.8,2.7,0.4,2011-12
Petr Cech,Chelsea,cz,34,GK,196,90,34,3060,-,-,-,-,-,62.7,0.1,-,-,-,-,-,1.3,0.1,-,-,-,-,0.2,-,-,-,30.5,-,9,-,2011-12
Yossi Benayoun,Chelsea,il,36,M(R),178,70,0(1),1,-,-,-,-,-,-,-,-,-,-,-,-,-,-,-,-,-,-,-,-,-,-,1,-,-,-,2011-12
Gary Cahill,Chelsea,eng,30,D(C),193,86,9(1),855,1,-,2,-,0.9,85.3,0.8,-,1,1.3,0.7,0.9,5.7,0.2,0.9,-,0.1,0.1,0.6,-,-,0.3,38.9,-,3.1,-,2011-12
Ross Turnbull,Chelsea,eng,31,GK,193,85,2,180,-,-,-,-,-,62.3,-,-,-,1,-,-,2,-,-,-,0.5,-,-,-,-,-,30.5,-,12,-,2011-12
Ashley Cole,Chelsea,eng,35,D(L),176,66,31(1),2786,-,5,7,1,0.4,87.8,0.5,1,2.5,1.6,1,0.3,2,0.9,0.3,-,0.8,0.3,1,0.2,1.1,0.8,43.9,0.5,2.3,0.1,2011-12
Josh McEachran,Chelsea,eng,23,DMC,178,66,0(2),13,-,-,-,-,-,92.3,-,-,-,0.5,-,-,-,-,-,-,0.5,-,0.5,-,-,-,6.5,-,-,0.5,2011-12
Fernando Torres,Chelsea,es,32,FW,185,79,20(12),1904,6,4,4,1,2.1,74.1,0.9,2,1.1,0.3,1.1,-,-,0.4,-,-,1,1.1,1.1,0.3,1.9,2.2,17.8,0.3,0.3,0.1,2011-12
Florent Malouda,Chelsea,fr,36,M(CL),184,73,11(15),1155,2,3,3,-,1.3,82.7,0.5,1,0.7,0.4,0.8,-,0.3,0.2,-,-,1.6,0.8,0.6,-,1.7,0.5,26.7,1.2,0.8,0.1,2011-12
Didier Drogba,Chelsea,ci,38,FW,189,91,16(8),1481,5,1,1,1,2.7,62.6,1.1,1,0.6,0.4,1.2,-,1.1,0.4,0.2,-,1.3,0.7,1.1,0.4,1.8,1.9,16.2,0.3,0.5,0.3,2011-12
Frank Lampard,Chelsea,eng,38,M(C),184,89,26(4),2251,11,5,5,-,2.2,86.9,0.2,3,1.4,1.2,0.6,-,1.3,0.5,0.3,-,1.8,0.3,0.7,-,1.1,0.7,51.2,0.9,4.1,0.4,2011-12
Alex,Chelsea,br,34,D(C),188,92,3,246,-,-,-,-,1.7,88.9,2.7,-,3,2.3,1.3,1,4,0.3,0.3,-,0.3,-,-,-,0.7,-,39,-,1.7,-,2011-12
Ramires,Chelsea,br,29,M(CR),180,70,28(2),2475,5,1,4,-,1.6,85.1,0.4,3,2.8,1.9,1.4,-,0.9,0.5,0.2,-,0.7,1.4,1.3,0.2,1.6,1.3,33.3,0.1,1,0.1,2011-12
Sam Hutchinson,Chelsea,eng,27,"D(C),DMC",182,73,1(1),77,-,-,-,-,-,87.3,-,-,1.5,1,-,-,-,-,-,-,-,-,-,-,-,-,27.5,-,0.5,-,2011-12
Nicolas Anelka,Chelsea,fr,37,FW,185,77,3(6),410,1,1,-,-,1.7,82.3,0.8,-,0.7,0.1,0.2,-,0.1,0.1,-,-,0.7,0.4,1.1,0.3,1.6,0.4,20.7,0.8,0.9,0.2,2011-12
Raul Meireles,Chelsea,pt,33,M(C),179,65,23(5),1932,2,3,8,-,1.8,84.5,0.1,1,1.3,2.2,1.1,0.1,0.9,1.2,0.1,-,1.4,0.1,0.7,-,0.8,0.6,47,0.6,3.1,0.2,2011-12
José Bosingwa,Chelsea,pt,34,D(CLR),183,75,24(3),2119,1,2,5,1,0.6,84.4,0.7,-,2.3,2.4,1.2,0.4,2.7,0.5,0.1,-,0.8,0.8,0.5,-,1,0.6,43.1,0.8,1.9,-,2011-12
Ryan Bertrand,Chelsea,eng,27,"D(CL),M(L)",179,85,6(1),540,-,-,1,-,0.3,90.8,0.9,-,2,1.9,1,0.4,2.7,0.3,0.9,-,0.7,0.1,1,0.1,1,0.9,39,0.9,0.7,-,2011-12
John Terry,Chelsea,eng,35,D(C),187,90,31,2790,6,1,8,-,0.8,91.2,1.7,2,1.8,1.9,0.7,0.6,5.8,0.5,0.8,-,0.4,0.1,0.7,0.1,0.2,0.3,58.9,-,2.9,-,2011-12
John Obi Mikel,Chelsea,ng,29,DMC,188,83,15(7),1327,-,-,4,-,0.5,90.2,0.9,-,1.6,1.5,1.3,0.1,1.4,0.5,0.2,-,0.4,0.4,1,-,0.7,0.6,49.5,-,3.7,0.1,2011-12
Daniel Sturridge,Chelsea,eng,27,"M(R),FW",188,76,28(2),2269,11,3,3,-,3.1,81.6,-,2,0.3,0.6,0.4,-,0.2,0.4,-,-,0.8,0.9,1,0.2,2.4,1.5,23.4,0.2,1.3,0.2,2011-12
Michael Essien,Chelsea,gh,33,"D(R),DMC",183,78,10(4),920,-,1,3,-,1.4,91.3,0.4,-,1.5,0.9,1.2,-,1.4,0.7,0.4,1,0.7,0.4,0.9,0.1,0.9,0.5,47.8,0.1,2.4,-,2011-12
Paulo Ferreira,Chelsea,pt,37,D(R),181,76,3(3),368,-,-,1,-,0.2,84.6,0.5,-,1.5,1.2,0.5,0.2,0.7,1,0.7,-,0.3,0.2,0.8,-,0.7,0.3,23.8,0.2,0.8,-,2011-12
Henrique Hilario,Chelsea,pt,40,Goalkeeper,189,85,2,180,-,-,-,-,-,80.4,0.5,-,-,-,-,-,0.5,-,-,-,-,-,0.5,-,-,-,25.5,-,4.5,-,2011-12
Oriol Romeu,Chelsea,es,24,DMC,183,83,11(5),951,-,-,2,-,0.4,89.5,0.5,-,2.3,2.1,0.9,-,0.9,1.7,0.1,-,0.4,0.2,0.7,-,0.6,0.2,41.1,-,3.1,-,2011-12
David Luiz,Chelsea,br,29,"D(C),DMC",189,84,18(2),1652,2,1,5,-,0.8,85.1,0.9,-,1.4,2.8,1.1,0.7,3.9,0.6,0.5,-,0.5,1,1.2,0.1,0.9,0.8,43.9,0.2,4.9,0.4,2011-12
Branislav Ivanovic,Chelsea,rs,32,D(CR),185,91,26(3),2264,3,1,6,-,0.8,85.8,1.5,2,2,2,0.8,1,4.5,0.2,0.4,-,0.6,0.3,0.7,-,0.3,0.3,36.8,0.4,3.9,-,2011-12
Craig Gordon,Sunderland,sct,33,GK,193,83,1,90,-,-,-,-,-,48.8,-,-,-,-,-,-,2,-,-,-,-,-,-,-,-,-,43,-,16,-,2011-12
Wes Brown,Sunderland,eng,36,D(C),185,77,20,1736,1,-,2,-,0.3,72.7,1.9,-,1.9,1.8,1,0.8,6.5,0.4,1.1,1,0.2,0.2,0.7,-,0.4,0.3,26.8,-,2.5,-,2011-12
Lee Cattermole,Sunderland,eng,28,M(C),178,76,23,1945,-,-,10,1,0.6,81.4,0.5,-,3.7,3.3,2.2,-,1.1,1.7,0.6,-,0.3,0.3,1.1,-,0.9,0.7,37.3,-,3.9,-,2011-12
Asamoah Gyan,Sunderland,gh,30,FW,180,76,3,233,-,-,-,-,4,78.9,1.7,-,0.3,1.3,0.7,-,0.3,-,-,-,1.7,0.3,1,0.7,3,1,19,-,0.3,-,2011-12
Phil Bardsley,Sunderland,sct,31,D(LR),180,74,29(2),2480,1,-,3,1,0.8,71.9,0.5,-,2.5,1.8,0.6,0.1,3.5,0.4,0.6,-,0.8,0.3,0.7,-,0.5,0.5,37.9,0.5,2.5,-,2011-12
John O'Shea,Sunderland,ie,35,D(C),191,75,29,2441,-,-,5,-,0.4,72.6,0.8,2,1.8,2,0.4,0.4,5.6,0.5,0.5,-,0.3,0.2,0.2,-,0.1,0.2,34.6,0.2,2.2,-,2011-12
Keiren Westwood,Sunderland,ie,31,GK,187,92,8(1),757,-,-,-,-,-,33.1,-,-,-,-,-,-,0.7,-,-,-,-,-,0.2,-,-,-,29.2,-,8.2,-,2011-12
Kieran Richardson,Sunderland,eng,31,"D(L),M(CL)",173,71,26(3),2285,2,2,5,-,1.1,75,0.6,1,1.5,1.9,0.6,0.1,2.9,0.6,0.4,-,0.7,0.3,0.4,0.1,0.7,1.1,31.1,0.8,1.4,-,2011-12
Wayne Bridge,Sunderland,eng,36,D(L),178,69,3(5),317,-,-,1,-,-,71.7,0.5,-,1.3,1.1,0.4,-,1.3,0.1,-,-,0.1,0.4,0.1,-,0.5,0.4,20.8,0.1,0.9,0.1,2011-12
Stéphane Sessegnon,Sunderland,bj,32,M(CLR),172,72,36,3133,7,9,3,1,2.1,81.4,0.6,2,1,0.4,1,-,0.1,0.3,-,-,2,1.8,1.8,0.3,2.2,2.4,29.8,0.4,1.4,0.1,2011-12
Simon Mignolet,Sunderland,be,28,GK,193,87,29,2573,-,-,-,-,-,38.4,0.1,3,-,0.1,-,-,1.1,-,-,-,-,-,0.2,-,-,0.1,30.1,-,9.8,-,2011-12
David Meyler,Sunderland,ie,27,"DMC,M(LR)",189,81,1(6),160,-,-,-,-,0.1,76.7,0.3,-,1.4,0.1,0.3,-,0.3,0.6,-,-,-,0.1,0.6,-,0.1,1.3,14.7,-,1,-,2011-12
Matthew Kilgallon,Sunderland,eng,32,D(CL),188,81,9(1),794,-,-,-,-,0.3,77.5,1.5,-,0.9,2.2,0.4,0.2,6.4,0.2,1,-,-,0.2,0.5,-,0.1,0.3,20.4,-,0.9,-,2011-12
Ryan Noble,Sunderland,eng,25,Forward,180,66,0(2),5,-,-,-,-,-,100,-,-,-,-,0.5,-,-,-,-,-,-,0.5,-,-,-,-,1.5,-,-,-,2011-12
Nicklas Bendtner,Sunderland,dk,28,FW,194,89,25(3),2235,8,5,2,-,2.2,73.6,2.8,1,0.7,0.3,0.9,-,1.1,0.3,0.3,-,1.2,0.2,1.1,0.9,2,2.3,31.4,0.3,1.5,0.1,2011-12
James McClean,Sunderland,ie,27,"AM(CLR),FW",180,70,20(3),1843,5,2,2,-,1.8,73.1,1,3,2.4,1.2,0.7,-,0.9,0.9,0.2,-,1.2,1.2,1.1,0.2,2,1.6,23.6,1.5,0.5,-,2011-12
Sebastian Larsson,Sunderland,se,31,M(CR),178,70,32,2710,7,2,6,-,1.1,74.1,0.3,2,2.5,1.5,1,-,0.9,1.2,0.2,-,1.7,0.4,0.5,0.1,0.9,0.8,30.7,2.1,1.4,0.1,2011-12
Michael Turner,Sunderland,eng,32,D(C),193,84,23(1),2115,-,-,3,-,0.4,77.4,1.5,-,1.8,2,1,0.5,8.4,0.5,1,-,0.1,-,0.4,0.1,0.2,0.2,26.4,0.1,1.7,-,2011-12
Connor Wickham,Sunderland,eng,23,"AM(L),FW",191,90,5(11),520,1,-,-,-,0.9,67.7,0.6,-,0.6,0.4,0.8,-,0.4,0.3,0.1,-,0.6,0.4,0.6,0.4,0.7,1.1,10.1,0.1,0.4,-,2011-12
Sotirios Kyrgiakos,Sunderland,gr,37,"D(L),DMC",193,88,2(1),189,-,-,1,-,-,62.7,2.3,-,0.7,1.3,1.3,-,5.3,-,-,-,-,-,0.3,-,-,-,19.7,-,1.3,-,2011-12
David Vaughan,Sunderland,wls,33,M(C),171,70,17(5),1489,2,1,3,-,0.8,84.7,0.5,1,2.7,1.9,1,-,0.6,0.9,0.3,-,0.5,0.5,0.8,0.1,0.6,0.6,36.6,0.2,2.7,-,2011-12
Ji Dong-Won,Sunderland,kr,25,"AM(CL),FW",188,81,2(17),435,2,2,2,-,0.6,83.6,0.3,-,0.2,0.3,0.4,-,0.2,0.1,0.1,-,0.5,0.2,0.4,0.3,0.4,0.8,11.5,0.1,0.3,0.1,2011-12
Titus Bramble,Sunderland,eng,35,D(C),185,86,8,651,1,-,-,-,0.6,78.4,2.4,-,1.5,1.8,0.5,0.8,7.1,0.8,1.1,-,0.1,0.1,0.5,-,0.3,0.4,28.9,-,2.4,-,2011-12
Anton Ferdinand,Sunderland,eng,31,D(C),183,78,3,270,-,-,-,-,-,82.5,1.7,-,1,1,1,1,10,-,0.3,-,-,-,0.3,-,0.3,-,19,-,2,-,2011-12
Jack Colback,Sunderland,eng,26,"D(L),M(C)",176,70,29(6),2668,1,1,3,-,0.4,83.4,0.2,-,2,1.8,0.8,0.1,1.5,0.6,0.5,-,0.4,0.3,1.4,-,1,0.7,30.9,0.2,1.7,-,2011-12
Ahmed Elmohamady,Sunderland,eg,29,"D(R),M(R)",180,81,7(11),773,1,1,-,-,0.5,70.4,1.2,-,1,0.6,0.6,-,0.5,0.1,0.1,-,0.6,0.5,0.5,0.2,0.7,0.4,18.8,0.4,0.6,0.1,2011-12
Craig Gardner,Sunderland,eng,29,"D(R),M(CLR)",178,76,22(8),2116,3,-,5,1,1.6,79,0.6,2,2.5,1.3,1.4,0.1,1.9,0.7,0.8,-,0.4,0.2,0.8,0.1,0.9,0.7,30.6,0.1,2.3,-,2011-12
Fraizer Campbell,Sunderland,eng,29,FW,172,82,6(6),636,1,1,3,-,0.8,76.2,0.6,1,1,0.6,0.9,-,0.3,0.1,0.1,-,0.5,0.3,1.3,0.4,1.3,0.8,12.3,0.3,0.3,0.1,2011-12
Gaël Givet,Blackburn,fr,34,"D(C),DMC",181,75,21(1),1750,-,1,2,1,0.3,72.5,1.3,-,1.1,2.5,0.4,0.5,7.9,0.4,0.3,-,0.1,-,0.3,-,0.2,0.1,21.8,-,0.6,-,2011-12
Grant Hanley,Blackburn,sct,24,D(C),187,81,19(4),1823,1,-,6,-,0.7,73.4,1.2,-,1.8,1.9,1.2,0.8,6.9,0.1,1.3,-,0.1,-,0.3,-,-,0.2,21.9,-,1.3,-,2011-12
Yakubu,Blackburn,ng,33,FW,183,83,29(1),2454,17,2,1,1,2.2,71.5,0.3,3,0.5,0.5,1.1,-,0.3,0.1,0.1,-,0.9,0.4,0.9,0.6,1.6,2.5,18,0.1,0.9,-,2011-12
Simon Vukcevic,Blackburn,me,30,Forward,179,77,4(3),378,1,1,-,-,1,77.2,0.1,-,1.3,1,0.1,0.1,1.3,1,-,-,0.3,0.7,1,0.1,0.9,0.9,11.3,-,0.4,-,2011-12
Paul Robinson,Blackburn,eng,36,GK,195,92,34,3060,-,-,-,-,-,27.4,-,-,-,-,-,-,0.5,-,-,-,0.1,-,0.1,-,-,-,34.2,-,8.1,-,2011-12
Ryan Nelsen,Blackburn,nz,38,D(C),185,77,1,90,-,-,-,-,1,64.9,4,-,2,-,-,-,13,-,-,-,-,-,1,-,-,-,37,-,1,-,2011-12
Jason Lowe,Blackburn,eng,25,"D(R),DMC",183,80,30(2),2668,-,1,10,-,0.2,76.6,0.3,-,1.7,2.3,0.9,0.2,2.8,0.6,0.5,-,0.5,0.1,0.4,-,0.3,0.4,28,0.4,2.1,-,2011-12
Rubén Rochina,Blackburn,es,25,M(CLR),182,76,9(9),819,2,-,2,-,1.6,78,0.1,2,2.2,0.9,0.8,-,0.4,0.7,-,-,0.5,1.3,0.8,-,1.9,1.3,16.9,0.2,0.8,0.2,2011-12
Morten Gamst Pedersen,Blackburn,no,35,"D(C),M(C),FW",180,70,33,2836,3,4,6,-,1.2,72.1,0.8,2,2,2.8,1.7,-,1.8,1.3,0.2,-,2,0.2,1.3,-,1.1,1,39.2,1.7,2.3,-,2011-12
Bradley Orr,Blackburn,eng,33,D(C),186,89,10(2),956,-,2,2,-,0.3,68,0.8,-,1.2,1.3,0.7,0.3,4.7,0.8,0.5,-,0.5,0.2,0.3,-,0.3,0.3,22.4,0.5,0.9,-,2011-12
Steven N'Zonzi,Blackburn,fr,27,M(C),190,75,31(1),2810,2,5,7,-,0.8,83.6,2.8,1,1.7,1.7,1.5,-,2.3,0.4,0.2,-,0.7,0.7,0.8,-,0.8,0.8,54.2,0.1,4,-,2011-12
Junior Hoilett,Blackburn,ca,26,M(CLR),173,70,34,2956,7,5,5,-,1.9,79.7,0.4,3,1.4,1.1,1.3,-,0.3,0.6,0.1,-,1.3,2.6,1.3,0.4,1.8,1.8,25.1,0.5,0.7,0.1,2011-12
Nick Blackman,Blackburn,eng,26,"AM(LR),FW",188,74,0(1),6,-,-,-,-,-,66.7,-,-,-,-,-,-,-,-,-,-,-,-,-,-,-,-,3,-,-,-,2011-12
Martin Olsson,Blackburn,se,28,D(L),170,81,23(4),2180,-,2,2,1,0.6,72.9,1.1,-,1.4,1.7,0.3,0.3,3.6,0.3,0.3,1,0.4,0.4,1.2,0.1,0.4,0.9,26.7,0.5,0.7,-,2011-12
Josh Morris,Blackburn,eng,24,Midfielder,176,75,0(2),80,-,-,-,-,0.5,81.8,-,-,0.5,-,0.5,-,-,-,-,-,-,0.5,-,-,-,0.5,11,-,-,-,2011-12
Jake Kean,Blackburn,,25,GK,193,76,1,90,-,-,-,-,-,53.1,-,-,-,-,-,-,2,-,-,-,-,-,-,-,-,-,32,-,8,-,2011-12
Scott Dann,Blackburn,eng,29,D(C),188,76,27,2403,1,1,2,-,0.6,70.5,0.7,-,1.6,1.3,0.5,0.8,8.3,0.2,1.1,2,0.4,0.1,0.3,-,-,-,23.7,-,2.8,-,2011-12
Mark Bunn,Blackburn,eng,31,GK,183,77,3,270,-,-,-,-,-,29.8,-,-,-,-,-,-,2.3,-,-,-,0.3,-,0.3,-,-,-,40.3,-,11.3,-,2011-12
Adam Henley,Blackburn,wls,22,D(LR),179,80,4(3),471,-,-,-,-,0.1,74.8,0.1,-,3.3,1.7,0.7,0.3,4.9,0.3,0.3,-,-,0.4,0.3,-,0.6,0.6,17.6,-,1,-,2011-12
Mauro Formica,Blackburn,ar,28,M(C),176,73,25(9),2176,4,1,3,-,1.1,81.5,0.3,-,2.3,1.7,1,-,0.6,1.6,0.3,-,0.5,0.4,0.9,-,1.1,1.3,20.5,0.1,0.5,-,2011-12
Anthony Modeste,Blackburn,fr,28,FW,187,84,3(6),383,-,-,1,1,1.4,60.9,0.7,-,0.8,0.3,0.8,-,0.1,0.1,-,-,0.2,0.1,1.6,0.4,0.4,1.6,9.7,-,-,0.1,2011-12
Christopher Samba,Blackburn,cg,32,D(C),193,100,16,1353,2,2,2,-,1.1,76.7,2.4,1,1.1,1.5,0.6,0.7,10.3,0.4,0.8,-,0.7,0.2,0.6,0.3,0.2,0.1,21.7,-,1.1,-,2011-12
David Goodwillie,Blackburn,sct,27,FW,175,71,4(16),597,2,-,-,-,1,80.1,-,-,0.3,0.4,0.4,-,0.4,0.2,0.1,-,0.5,0.3,0.5,0.2,0.7,0.5,7.3,0.1,0.2,-,2011-12
Brett Emerton,Blackburn,au,37,"D(C),DMC,M(R)",185,88,2,136,-,-,1,-,2,74.3,0.5,-,-,2,2,-,1,-,-,-,0.5,0.5,-,-,1,0.5,17.5,1.5,0.5,-,2011-12
Míchel Salgado,Blackburn,es,40,D(R),176,75,9,656,-,-,4,-,-,79.4,0.4,-,2.9,1.4,1.1,0.1,3.6,1.7,0.2,-,0.6,0.1,0.2,0.1,0.7,0.6,21,0.4,1.2,-,2011-12
David Dunn,Blackburn,eng,36,AM(C),178,78,21(5),1613,2,1,3,1,1.5,76.4,0.3,1,1.5,1.8,1.7,-,0.5,0.5,0.2,-,0.7,0.6,1.1,0.1,0.8,0.9,29.9,0.4,2.1,0.2,2011-12
Vince Grella,Blackburn,au,36,AM(R),183,79,0(1),11,-,-,-,-,-,88.9,-,-,2,1,-,-,-,-,-,-,-,-,-,-,-,-,9,-,1,-,2011-12
Jordan Slew,Blackburn,eng,24,Forward,191,81,0(1),1,-,-,-,-,-,100,-,-,1,-,-,-,-,-,-,-,-,-,-,-,-,-,1,-,-,-,2011-12
Radosav Petrovic,Blackburn,rs,27,M(C),193,83,10(9),981,-,-,4,-,0.6,78.7,0.2,-,1.3,1.6,1.5,-,1.7,0.6,0.3,-,0.2,0.3,0.4,-,0.6,0.4,23.5,-,1.8,0.1,2011-12
Markus Olsson,Blackburn,se,28,D(L),180,68,10(2),991,-,1,1,-,0.6,64.1,1.1,-,1,1.5,0.3,0.2,1.2,0.5,-,-,0.8,0.4,1.7,0.3,1.1,1.6,19.5,0.3,0.5,-,2011-12
Jason Roberts,Blackburn,gd,38,FW,185,79,5(5),467,-,1,2,-,0.6,68.7,0.1,-,0.3,0.1,1.4,-,0.2,0.2,-,-,0.8,0.2,0.4,0.1,1.6,1.1,8.3,-,0.2,0.1,2011-12
Davide Santon,Newcastle United,it,25,D(LR),187,77,19(5),1665,-,1,1,-,0.2,84.1,0.6,-,1.6,1.6,0.4,0.2,1.8,0.6,0.1,-,0.5,0.5,0.9,0.1,0.6,0.5,28.5,0.1,1.2,0.1,2011-12
Cheick Tioté,Newcastle United,ci,30,M(C),175,76,24,2052,-,1,11,-,1.2,83.2,1,1,2.8,2.5,2.4,-,1.3,1.3,0.4,-,0.5,0.8,1.5,-,2.9,1.3,58.4,0.1,4,-,2011-12
Haris Vuckic,Newcastle United,si,24,Midfielder,189,78,2(2),170,-,-,-,-,1.5,81.9,0.5,-,0.5,1.5,1,-,0.5,-,-,-,0.5,0.3,0.3,-,0.5,0.5,18,0.5,0.3,-,2011-12
Ryan Taylor,Newcastle United,eng,32,DMC,173,75,23(8),2127,2,3,5,-,1.3,77.2,0.3,1,1.3,1.4,0.9,0.2,2.4,0.8,0.4,-,1.4,0.1,0.6,-,0.6,0.5,31.9,1.2,2.4,0.1,2011-12
Hatem Ben Arfa,Newcastle United,fr,29,"M(CR),FW",178,65,16(10),1560,5,5,2,-,1.3,81.6,-,2,0.8,0.3,0.6,-,0.2,0.6,-,-,1.3,2,0.8,0.1,2.6,1.4,22.2,0.4,1.7,0.2,2011-12
Alan Smith,Newcastle United,eng,35,M(C),175,74,0(2),5,-,-,1,-,-,75,-,-,-,-,0.5,-,-,-,-,-,-,0.5,-,-,0.5,-,4,-,0.5,-,2011-12
Joey Barton,Newcastle United,eng,34,M(C),172,70,2,180,-,-,2,-,2,69.2,1,-,2.5,-,0.5,-,1.5,1.5,-,-,0.5,-,2.5,0.5,1.5,2,39,-,2.5,-,2011-12
James Perch,Newcastle United,eng,30,"D(CLR),DMC,M(R)",180,72,13(12),1330,-,-,3,-,0.1,80.9,0.8,-,2,1.7,0.7,0.3,2.8,0.4,0.6,-,0.1,-,0.4,-,0.2,0.1,20.3,-,1.6,-,2011-12
Yohan Cabaye,Newcastle United,fr,30,M(C),175,71,34,2839,4,6,7,-,1.5,80.4,0.1,3,3.4,2.6,1,-,1,1.3,0.1,-,1.6,0.3,0.6,-,0.8,0.9,42.7,1.1,2.8,0.2,2011-12
Papiss Demba Cissé,Newcastle United,sn,31,"AM(R),FW",183,73,13(1),1113,13,1,1,-,2.8,69.6,1.4,3,0.9,0.9,0.9,-,0.6,0.2,-,-,0.8,0.4,1,1.2,2.5,2.6,24.9,0.2,0.4,0.1,2011-12
Jonás Gutiérrez,Newcastle United,ar,33,M(CLR),183,73,37,3308,2,3,4,1,1.1,79.8,0.3,4,2.3,2,0.9,0.1,1.1,0.9,0.2,-,0.8,1.1,2.3,0.1,2.5,1.2,32.9,0.5,0.8,0.1,2011-12
Danny Simpson,Newcastle United,ie,29,D(R),178,74,35,3120,-,-,7,-,0.1,76.3,0.7,1,1.9,1.7,0.7,0.2,3.6,0.5,0.5,-,0.4,0.2,0.5,0.1,0.5,0.7,30.4,0.7,1.8,-,2011-12
Peter Løvenkrands,Newcastle United,dk,36,"AM(CL),FW",183,63,2(7),204,-,1,-,-,0.2,71.9,0.2,-,0.3,0.1,0.4,-,0.3,0.2,-,-,0.3,0.2,0.1,0.2,0.1,0.3,7.1,0.2,0.1,0.1,2011-12
Gabriel Obertan,Newcastle United,fr,27,M(LR),186,79,18(5),1563,1,3,-,-,1,75.3,0.5,-,1.1,0.7,0.3,-,0.3,0.4,-,-,1,0.9,0.3,0.1,1.6,1.3,24,0.4,0.6,-,2011-12
Steven Taylor,Newcastle United,eng,30,D(C),188,81,14,1260,-,-,1,-,0.2,80.1,1.6,-,0.8,1,0.5,0.6,7.9,0.1,2,-,0.1,0.2,0.7,0.2,0.1,0.1,29.8,-,1.4,-,2011-12
Mike Williamson,Newcastle United,eng,32,D(C),191,84,21(1),1895,-,1,4,-,0.3,76.1,2.2,-,1.5,1.5,0.7,1.1,6.9,0.5,0.6,-,0.3,-,0.6,-,0.4,0.2,32.7,0.1,1.1,-,2011-12
Sammy Ameobi,Newcastle United,eng,24,AM(LR),190,66,1(9),192,-,-,-,-,0.6,59.6,0.2,-,0.5,-,0.4,-,0.1,0.1,0.1,-,-,0.4,0.1,-,0.6,1,5.7,-,0.3,-,2011-12
Sylvain Marveaux,Newcastle United,fr,30,AM(CLR),172,66,1(6),136,-,1,-,-,0.1,83.8,0.3,-,0.4,-,-,-,0.3,-,-,-,0.7,-,0.3,-,0.4,0.3,11.4,0.3,0.6,-,2011-12
Tim Krul,Newcastle United,nl,28,GK,188,74,38,3420,-,-,4,-,-,43.3,-,2,0.1,-,-,-,1,0.1,-,-,0.1,-,0.1,-,-,-,34.3,-,11.6,-,2011-12
Fabricio Coloccini,Newcastle United,ar,34,D(C),183,63,35,3044,-,-,2,-,0.5,84.1,1,-,1.9,2,0.7,1.5,4.9,0.6,0.7,-,0.2,0.2,0.6,-,0.5,0.3,34.9,0.1,3.4,-,2011-12
Shola Ameobi,Newcastle United,ng,34,FW,191,76,8(19),1007,2,5,3,-,1.1,69.6,1.6,-,0.3,0.2,1.4,-,0.6,0.2,-,-,0.4,0.4,0.7,0.3,1.2,1.1,12.6,0.1,0.5,-,2011-12
Leon Best,Newcastle United,ie,29,FW,185,76,16(2),1167,4,2,2,-,1.3,74.1,2.8,1,0.6,0.1,1.2,-,0.9,0.2,-,-,1.1,0.7,1.4,1.3,1.3,1.7,17.2,0.2,0.4,-,2011-12
Dan Gosling,Newcastle United,eng,26,M(C),178,71,1(11),233,1,-,2,1,0.5,82.5,0.1,-,0.8,0.2,0.4,-,0.7,0.3,0.2,-,0.3,0.1,0.2,-,0.7,0.7,8.1,0.1,0.5,-,2011-12
Demba Ba,Newcastle United,sn,31,FW,189,86,32(2),2732,16,2,1,-,3.2,74.1,1.8,3,0.4,0.5,0.8,-,0.6,0.4,0.2,-,0.6,0.6,1.6,0.8,2.5,2.6,22.7,-,0.5,0.1,2011-12
Shane Ferguson,Newcastle United,nir,25,"D(L),M(L)",178,73,0(7),156,-,-,1,-,-,76.2,-,-,0.6,0.4,0.4,-,0.4,0.1,-,-,0.1,0.1,0.1,0.1,0.3,0.6,6,-,-,-,2011-12
Danny Guthrie,Newcastle United,eng,29,M(C),170,73,13(3),1131,1,-,3,-,0.8,81.3,0.3,-,2.5,1.6,0.7,-,0.3,0.8,0.1,-,1.1,0.6,0.9,0.1,0.9,0.8,39.4,0.4,4.1,-,2011-12
Darren Bent,Aston Villa,eng,32,FW,180,73,21(1),1862,9,1,1,-,2,71,1.8,-,0.4,0.2,0.7,-,1.5,0.3,-,-,1,0.2,0.6,1.8,0.9,1.3,18.5,-,0.2,-,2011-12
Andreas Weimann,Aston Villa,at,25,"AM(CLR),FW",188,76,5(9),533,2,-,-,-,1.4,76.4,0.2,-,0.3,0.4,0.4,-,0.1,0.1,-,-,0.4,0.1,0.4,0.3,0.7,1.1,9.1,-,0.1,-,2011-12
Samir Carruthers,Aston Villa,ie,23,M(C),173,70,0(3),21,-,-,1,-,0.3,85.7,-,-,1,0.3,0.3,-,-,1,-,-,-,0.3,0.3,-,0.3,0.7,4.7,-,0.3,-,2011-12
Robbie Keane,Aston Villa,ie,36,FW,176,73,5(1),459,3,-,-,-,2.2,81.1,0.3,1,0.3,-,0.5,-,0.2,0.3,-,-,1.5,0.5,0.7,-,0.7,1.8,35.3,-,1.7,0.3,2011-12
Alan Hutton,Aston Villa,sct,31,D(R),185,72,29(2),2594,-,2,6,1,0.2,73.3,1.1,2,2.3,1.8,0.6,0.2,3.6,0.6,0.5,-,0.7,0.2,1.2,0.1,0.5,0.5,28.7,0.6,1.5,-,2011-12
Jermaine Jenas,Aston Villa,eng,33,M(C),180,73,1(2),108,-,-,-,-,-,84.6,0.3,-,-,-,-,-,0.3,-,0.3,-,-,-,0.3,-,0.3,0.3,17.3,-,0.3,0.3,2011-12
Barry Bannan,Aston Villa,sct,26,M(CLR),170,60,10(18),1249,1,2,2,-,0.9,76.1,-,-,0.9,0.8,0.2,-,0.4,0.5,0.1,-,1.4,0.2,0.1,-,0.4,0.4,19.1,1.3,1.9,0.1,2011-12
Marc Albrighton,Aston Villa,eng,26,M(LR),175,67,15(11),1490,2,2,3,-,0.8,71.5,0.2,-,1.6,1.2,0.8,-,0.7,0.8,0.1,-,0.9,0.7,0.7,-,0.5,1,17.4,1.4,0.6,-,2011-12
Stephen Ireland,Aston Villa,ie,30,M(C),176,68,19(5),1590,1,3,2,-,0.8,80.6,0.3,2,2.3,2.6,1,-,0.6,0.5,0.3,-,0.9,0.1,0.7,0.3,0.9,1,32.3,0.3,1,0.2,2011-12
Fabian Delph,Aston Villa,eng,26,M(CL),174,60,10(1),855,-,-,3,-,0.6,81.3,0.5,-,2.1,1.4,0.5,-,0.8,1,0.2,-,0.7,1.1,1.6,-,0.9,1,34.9,0.4,1.2,-,2011-12
Stilian Petrov,Aston Villa,bg,37,"D(C),M(CR),FW",183,69,26(1),2330,4,2,7,-,1.6,83,0.6,5,2.2,3.6,1.1,-,1.9,1.3,0.6,-,1.4,0.6,1.4,-,0.7,0.6,43.1,0.8,2.3,0.1,2011-12
Stephen Warnock,Aston Villa,eng,34,D(CL),175,75,34(1),3056,2,2,6,-,0.3,74.5,1,1,2.3,2.9,1,0.2,4.1,0.9,0.4,1,0.8,0.6,0.9,0.1,0.2,0.6,35.1,0.5,3.1,-,2011-12
Emile Heskey,Aston Villa,eng,38,FW,188,82,18(10),1459,1,-,3,-,1,62.7,3.1,-,0.9,0.5,0.9,-,0.7,0.1,0.1,-,0.3,0.1,0.8,0.3,0.7,1,20.2,-,0.3,0.1,2011-12
Eric Lichaj,Aston Villa,us,27,D(LR),175,70,9(1),822,1,1,3,-,0.2,75,0.3,-,2.4,1.8,1.3,0.4,4.2,1.2,0.4,-,0.5,0.4,0.5,-,0.9,0.7,27.2,0.1,0.9,-,2011-12
Carlos Cuéllar,Aston Villa,es,35,D(C),190,84,17(1),1494,-,1,2,-,0.3,72.3,1.1,3,3.8,2.9,0.7,0.3,5.4,0.6,0.9,-,0.4,0.5,0.3,-,0.4,0.4,31.3,0.2,2.3,0.1,2011-12
Gabriel Agbonlahor,Aston Villa,eng,29,"AM(LR),FW",178,76,32(1),2765,5,5,6,-,1.8,72.7,1.2,3,1,0.4,1.4,-,0.5,0.2,-,-,0.9,1,1.3,0.5,1.3,1.8,21.7,0.5,0.6,0.1,2011-12
Chris Herd,Aston Villa,au,27,D(C),173,76,19,1476,1,-,2,1,0.7,67.1,1.4,-,2.2,1.9,1.2,0.1,2.3,0.8,0.6,-,0.3,0.6,0.9,0.1,0.6,0.7,28.5,0.2,1.4,-,2011-12
Gary Gardner,Aston Villa,eng,24,DMC,188,82,5(9),606,-,-,1,-,1.1,70.8,0.5,-,0.8,0.9,0.9,-,0.7,0.6,0.5,-,0.1,0.1,0.4,-,0.4,0.3,18.4,0.1,1.9,-,2011-12
Shay Given,Aston Villa,ie,40,GK,183,84,32,2828,-,-,1,-,-,48.8,0.1,1,-,-,-,-,0.5,-,-,-,-,-,0.1,-,-,-,27,-,9.9,-,2011-12
Nathan Delfouneso,Aston Villa,eng,25,"AM(LR),FW",175,69,1(5),163,-,-,-,-,0.5,69.6,0.7,-,0.5,0.2,0.8,-,0.3,-,-,-,0.3,0.3,0.2,0.3,0.3,0.5,7.7,-,0.3,-,2011-12
Brad Guzan,Aston Villa,us,32,GK,193,94,6(1),592,-,-,-,-,-,37.4,-,-,-,-,-,-,0.7,-,-,-,-,-,-,-,-,0.1,24.4,-,6,-,2011-12
Charles N'Zogbia,Aston Villa,fr,30,M(CR),170,70,24(6),2083,2,4,4,-,1.8,75.3,0.2,-,1.4,0.9,1.3,-,0.2,0.3,-,-,1.6,1.3,1.1,-,1.7,1.5,23.2,1.3,0.5,0.1,2011-12
Nathan Baker,Aston Villa,eng,25,D(CL),188,75,6(2),550,-,-,-,-,0.3,59.3,2.3,-,1.4,0.8,0.1,0.3,7.3,0.5,1.1,-,-,-,-,-,-,0.1,13.5,-,0.5,-,2011-12
James Collins,Aston Villa,wls,33,D(C),188,83,31(1),2780,1,-,7,-,0.7,67.6,2.6,1,1.3,2.3,0.8,0.8,9.4,0.6,1,-,0.2,0.2,0.5,-,0.1,0.1,30.2,-,2.8,-,2011-12
Ciaran Clark,Aston Villa,ie,26,D(CL),188,76,13(2),1149,1,2,3,-,0.5,80.6,0.5,1,2.7,1.9,0.7,0.1,2.2,0.7,0.4,-,0.4,0.4,0.7,-,0.6,0.7,35.7,0.1,1.1,-,2011-12
Richard Dunne,Aston Villa,ie,36,D(C),188,89,28,2520,1,-,7,-,0.6,74.1,2.2,-,2.3,2,1.2,0.6,9,0.6,0.8,1,0.3,0.3,0.4,-,0.3,0.4,33.3,-,3.3,-,2011-12
Luke Young,Aston Villa,eng,37,D(CR),183,77,2,146,-,-,-,-,-,78.6,-,-,1,1,0.5,0.5,-,0.5,0.5,-,0.5,-,-,-,-,-,35,1,1,-,2011-12
Raheem Sterling,Liverpool,eng,21,"AM(CLR),FW",170,69,0(3),25,-,-,-,-,0.7,86.7,-,-,-,-,-,-,-,-,-,-,0.7,0.3,0.7,-,-,0.3,5,0.3,0.3,-,2011-12
Lucas Leiva,Liverpool,br,29,"D(C),M(C)",179,74,12,1045,-,-,5,-,0.5,85.6,1.8,1,5.7,2.8,1.6,-,1.2,1,0.3,-,0.9,0.3,0.8,-,0.8,0.3,57.3,-,3.9,0.1,2011-12
Andy Carroll,Liverpool,eng,27,FW,193,79,21(14),2065,4,2,5,-,2.5,64,4.3,3,0.7,0.5,0.9,-,1.1,0.1,0.1,-,1.2,0.3,1.4,0.5,1.3,1.3,20.9,0.1,0.6,-,2011-12
Jonjo Shelvey,Liverpool,eng,24,M(C),185,80,8(5),728,1,-,2,-,1.5,83,0.6,-,1.4,0.6,1.1,-,0.2,0.5,0.2,-,0.4,0.3,0.2,-,0.5,0.8,35.4,0.2,2.1,-,2011-12
Jamie Carragher,Liverpool,eng,38,D(C),185,76,19(2),1725,-,-,1,-,-,80.6,0.7,-,1.1,0.7,0.3,0.5,5,-,0.5,-,-,-,0.4,-,0.1,-,37.5,-,4,-,2011-12
Daniel Agger,Liverpool,dk,31,D(C),188,79,24(3),2141,1,1,6,-,1.2,84.5,1.6,-,1.2,2.2,0.6,0.4,3.6,0.3,0.5,1,0.3,0.4,0.9,-,0.1,0.3,38.9,0.1,2.6,-,2011-12
Dirk Kuyt,Liverpool,nl,36,"M(CLR),FW",184,77,22(12),2004,2,1,3,-,1.5,77.5,0.9,1,1.3,1,0.8,-,0.3,0.7,-,-,1.2,0.4,0.6,0.6,1.4,1,31.9,0.4,1.1,0.1,2011-12
Fábio Aurélio,Liverpool,br,36,"D(C),FW",178,75,1(1),67,-,-,-,-,-,85.1,-,-,-,0.5,0.5,-,1,-,-,-,1.5,0.5,-,-,-,-,23.5,1.5,0.5,-,2011-12
Craig Bellamy,Liverpool,wls,37,AM(R),175,68,12(15),1242,6,3,6,-,1.6,88.6,-,2,1,0.4,0.7,-,-,0.3,-,-,1.3,0.2,0.3,0.4,0.6,0.5,21.7,1.1,0.7,-,2011-12
Martin Skrtel,Liverpool,sk,31,D(C),193,81,33(1),2995,2,1,2,1,0.9,83.2,2.3,1,1.7,1.4,1.2,0.3,5.1,0.2,0.9,1,0.3,0.1,0.6,-,0.1,0.1,44.2,0.1,4.1,-,2011-12
Glen Johnson,Liverpool,eng,32,D(LR),178,70,22(1),1952,1,-,2,-,1,83.9,0.8,2,1.9,1.9,0.6,0.1,1.9,0.5,0.3,-,1,1.4,1,-,0.9,1.3,47.3,0.5,2.6,-,2011-12
Luis Suárez,Liverpool,uy,29,"AM(CLR),FW",182,85,29(2),2557,11,3,5,-,4.1,75.3,0.2,6,1.1,0.4,1.4,-,-,0.3,-,-,2,2.4,2.4,1.5,2.2,2.9,34.3,0.4,1.2,0.3,2011-12
Jay Spearing,Liverpool,eng,27,M(C),171,71,15(1),1302,-,1,-,1,0.6,86,0.6,-,2.8,1.1,0.9,-,0.9,0.9,0.3,-,0.4,0.1,0.7,-,0.8,0.5,51.8,-,5.1,-,2011-12
Charlie Adam,Liverpool,sct,30,M(C),185,83,27(1),2177,2,6,4,1,1.8,79.5,1.5,3,2.2,1.6,2.1,-,1.3,1.1,0.3,1,1.9,0.9,1.5,-,1.4,0.7,49,1.3,4.9,0.4,2011-12
Jordan Henderson,Liverpool,eng,26,M(CLR),182,67,31(6),2666,2,1,3,-,1.1,83.9,0.4,-,1.4,1.5,0.7,-,0.4,0.5,0.1,-,0.8,0.4,0.2,0.2,1.1,0.8,40.3,0.4,2.6,0.2,2011-12
Jon Flanagan,Liverpool,eng,23,D(LR),181,79,5,386,-,-,2,-,-,81.9,0.8,-,1.6,1.2,1.8,0.2,1.8,0.8,0.2,-,0.4,0.4,1.2,-,2,1.2,39.8,0.4,0.8,-,2011-12
Maxi Rodríguez,Liverpool,ar,35,M(CL),180,75,10(2),800,4,1,1,-,1.9,90.6,0.3,-,1.4,1.1,0.4,-,0.4,0.7,0.2,-,0.8,-,0.8,0.3,1.6,1.2,32.8,0.1,1.3,0.2,2011-12
José Reina,Liverpool,es,34,GK,188,92,34,3053,-,-,-,1,-,64.2,0.1,-,-,-,-,-,0.8,0.1,-,-,0.1,-,0.1,-,-,-,30.5,-,9.4,-,2011-12
Doni,Liverpool,br,36,GK,194,91,4,295,-,-,-,1,-,71.8,-,-,-,-,0.5,-,0.8,-,-,-,-,0.3,-,-,-,-,19.5,-,7.3,-,2011-12
Raul Meireles,Liverpool,pt,33,M(C),179,65,0(2),35,-,1,-,-,0.5,85,-,-,1,-,-,-,-,-,-,-,1,-,-,-,-,0.5,10,0.5,-,-,2011-12
José Enrique,Liverpool,es,30,"D(L),M(L)",184,76,33(2),2992,-,2,2,-,0.4,80.6,0.3,-,2,0.9,0.4,0.2,1.3,0.3,0.1,-,1,1.5,0.8,-,1.6,0.9,52.1,0.8,2.7,0.1,2011-12
Stewart Downing,Liverpool,eng,32,M(CLR),180,64,28(8),2477,-,-,1,-,2,85.4,0.2,-,0.6,0.7,0.4,-,0.1,0.2,-,-,1.5,0.6,0.6,0.3,0.6,0.7,34.6,1.3,1.3,-,2011-12
Brad Jones,Liverpool,au,34,GK,191,76,0(1),64,-,-,1,-,-,40,-,-,-,-,1,-,-,-,-,-,1,-,1,-,-,-,25,-,8,-,2011-12
Martin Kelly,Liverpool,eng,26,D(LR),191,77,12,964,-,-,1,-,0.7,79.5,0.7,-,3.5,0.9,1.1,0.1,2.7,0.9,0.6,-,0.6,0.3,0.3,-,0.6,0.8,29.7,0.3,0.7,0.1,2011-12
Steven Gerrard,Liverpool,eng,36,M(C),185,82,12(6),1212,5,2,-,-,1.7,83.2,0.6,2,1.3,0.9,0.4,-,1,0.5,0.1,-,1.6,0.3,0.5,0.2,0.7,0.8,49.7,1.4,4.6,0.2,2011-12
Sebastián Coates,Liverpool,uy,25,D(C),196,85,4(3),484,1,-,1,-,0.1,82.2,1.3,-,2,0.6,0.6,0.3,2.6,0.3,0.6,-,0.4,0.6,0.1,-,0.4,-,31.3,0.1,3.6,-,2011-12
Andrew Johnson,Fulham,eng,35,FW,175,64,13(7),1244,3,1,1,-,1.7,81,0.4,1,0.4,0.4,0.5,-,0.1,-,0.1,-,0.9,0.7,1.2,0.9,1.4,1.6,15.5,0.5,0.5,0.1,2011-12
Bobby Zamora,Fulham,eng,35,FW,185,75,14(1),1188,5,5,2,-,2.1,75.2,0.9,1,0.3,0.3,1.3,-,0.8,0.4,-,-,2,0.4,0.9,0.9,1.8,2.7,31.4,0.3,0.5,0.2,2011-12
Clint Dempsey,Fulham,us,33,"M(CL),FW",186,78,37,3325,17,6,2,-,3.9,83,1.4,4,1.5,1.3,1.2,-,0.9,0.3,0.2,-,1.5,0.7,1.9,0.3,2.3,2.4,35.3,0.1,0.8,0.3,2011-12
Mousa Dembélé,Fulham,be,29,M(CR),185,82,33(3),2941,2,2,6,-,1.6,88.6,0.5,4,3.1,0.9,1.3,-,0.6,0.4,0.2,-,1.4,2.2,1.8,0.1,2,1.1,46.7,0.1,1.3,0.1,2011-12
Kerim Frei,Fulham,ch,22,AM(LR),172,67,6(10),673,-,-,1,-,0.6,85.2,-,-,0.7,0.9,0.2,-,0.1,0.4,0.1,-,0.5,0.6,1.1,0.2,0.9,0.6,15.2,0.3,0.3,0.1,2011-12
David Stockdale,Fulham,eng,30,GK,191,84,8,720,-,-,-,-,-,53,-,1,-,-,-,-,1,-,-,-,0.1,-,-,-,-,-,31.4,-,9.1,-,2011-12
Simon Davies,Fulham,wls,36,"D(C),M(C),FW",178,72,3(3),300,-,-,-,-,0.3,87.5,0.3,-,0.8,1,0.5,-,0.5,0.7,-,-,0.5,0.3,-,-,0.7,0.8,25.3,0.3,0.5,-,2011-12
Stephen Kelly,Fulham,ie,33,D(LR),184,82,21(3),2021,-,-,-,-,0.3,81.2,0.7,-,1.5,1.6,0.5,0.1,4.6,0.4,0.3,-,0.4,0.2,0.5,0.1,0.4,0.5,37,0.5,2.1,-,2011-12
Pajtim Kasami,Fulham,ch,24,M(CLR),187,70,3(4),268,-,-,-,-,1.1,74.6,0.4,-,1.1,0.3,0.9,-,0.1,1,-,-,0.4,0.3,0.7,0.3,1.9,1.3,16.3,0.3,-,-,2011-12
Aaron Hughes,Fulham,nir,36,D(CR),183,71,18(1),1551,-,-,-,-,0.2,80.9,1.8,-,0.7,2,0.3,0.8,5.5,0.4,0.7,-,-,0.1,0.6,-,0.2,0.2,43.6,0.1,1.7,-,2011-12
Zdenek Grygera,Fulham,cz,36,D(R),185,79,5,406,-,-,2,-,-,88.5,1,-,2.4,2.2,0.6,0.2,2.6,0.6,-,-,0.8,-,-,-,0.2,0.8,43.4,0.8,2.2,-,2011-12
Orlando Sá,Fulham,pt,28,FW,188,85,3(4),281,1,-,-,-,1.4,78.4,0.4,-,0.3,-,0.6,-,0.1,-,-,-,0.4,0.1,0.6,0.6,0.7,1.3,7.3,-,-,-,2011-12
Dickson Etuhu,Fulham,ng,34,"AM(CR),FW",188,83,9(13),896,-,-,4,-,0.3,86,0.5,-,1.4,1,1,-,1,0.2,0.1,-,0.3,0.1,0.1,-,0.5,0.2,25.7,-,0.5,-,2011-12
Philippe Senderos,Fulham,ch,31,D(C),190,86,21,1829,1,1,5,-,0.3,85.2,0.4,-,1,1.9,1,1.1,4.9,0.6,0.9,-,0.3,0.4,0.4,-,0.1,0.2,46.1,-,3.5,-,2011-12
Pavel Pogrebnyak,Fulham,ru,32,FW,188,91,12,952,6,-,1,-,1.6,74.2,1.1,1,0.6,0.3,1.8,-,0.4,0.3,-,-,0.8,0.1,1.9,1.1,2.8,2.1,22.6,-,0.4,-,2011-12
Alexander Kacaniklic,Fulham,se,25,AM(CLR),181,72,2(2),202,-,-,-,-,0.5,74.4,-,-,-,1,-,-,0.3,0.5,-,-,0.3,1,0.8,0.3,0.8,1.5,9.8,-,-,-,2011-12
Brede Hangeland,Fulham,no,35,D(C),195,85,38,3420,-,-,7,-,0.3,84.3,2.1,1,1.4,2.1,0.7,0.8,6.9,0.3,1,-,0.3,0.3,0.4,-,0.2,0.2,47.8,-,3.3,0.1,2011-12
John Arne Riise,Fulham,no,35,D(L),188,77,35(1),3141,-,4,2,-,1.4,80.8,0.8,1,1.9,1.8,0.5,0.3,3,0.5,0.5,-,0.8,0.3,0.6,-,0.4,0.5,39.1,0.7,2.9,-,2011-12
Bryan Ruiz,Fulham,cr,31,M(CR),188,78,17(10),1514,2,3,-,-,0.9,81,0.4,-,1.4,1.3,0.6,-,0.3,0.8,-,-,1.3,1.1,1.3,0.1,1.6,1.2,27.7,0.3,1.9,0.1,2011-12
Steve Sidwell,Fulham,eng,33,M(C),178,70,12(2),1082,1,1,4,-,1.6,82.2,1,-,2.7,2.4,1.6,-,1,0.4,0.4,-,0.7,0.3,1.1,-,1.2,0.9,45.4,0.1,3.4,-,2011-12
Mahamadou Diarra,Fulham,ml,35,DMC,182,80,8(3),753,1,1,1,-,0.5,86.7,0.6,-,1.5,3.6,1.1,-,1.7,0.5,0.4,-,1.5,0.5,1.5,-,0.7,0.5,56.2,-,4,0.1,2011-12
Marcel Gecov,Fulham,cz,28,Midfielder,182,73,0(2),6,-,-,-,-,-,100,-,-,-,-,-,-,-,-,-,-,-,-,-,-,-,-,5.5,-,-,-,2011-12
Mark Schwarzer,Fulham,au,43,GK,194,95,30,2700,-,-,1,-,-,54.1,0.1,2,-,-,-,-,0.9,-,-,-,-,-,0.1,-,-,-,30.5,-,8.7,-,2011-12
Marcello Trotta,Fulham,it,23,Forward,187,82,0(1),2,-,-,-,-,1,-,-,-,-,-,-,-,-,-,-,-,-,-,-,-,-,-,-,-,-,-,2011-12
Chris Baird,Fulham,nir,34,"D(LR),DMC",185,74,13(6),1269,-,-,6,-,0.6,79.8,0.9,-,1.4,2.3,0.7,0.4,3.5,0.6,0.5,2,0.5,0.1,0.2,-,0.1,0.2,33.7,0.3,3.1,-,2011-12
Matthew Briggs,Fulham,eng,25,D(L),184,76,1(1),91,-,-,-,-,0.5,77.1,1,-,2,0.5,-,-,2,0.5,-,-,0.5,2,1.5,-,0.5,0.5,17.5,0.5,-,-,2011-12
Damien Duff,Fulham,ie,37,M(LR),178,60,23(5),2114,2,3,2,-,1.5,86.5,0.1,-,1,0.7,0.2,-,0.7,0.3,-,-,1.1,0.3,1.1,0.4,0.9,0.8,25.6,1.2,0.3,-,2011-12
Danny Murphy,Fulham,eng,39,"DMC,M(R)",175,67,33(3),2745,2,5,7,-,0.7,83.1,0.3,-,2,1.6,1.2,-,1,1.1,0.2,-,2.1,0.2,0.5,-,1.1,0.5,60,0.8,5.1,0.1,2011-12
Kevin Foley,Wolverhampton Wanderers,ie,31,D(R),175,70,11(5),1069,-,-,-,-,0.1,85.3,0.1,-,1.2,1.1,0.4,0.1,2.1,0.4,0.2,-,0.4,-,0.2,0.1,0.4,0.7,34.1,0.4,1.6,-,2011-12
Michael Kightly,Wolverhampton Wanderers,eng,30,M(LR),173,71,14(4),1195,3,1,3,-,1.2,74.6,0.1,1,1.4,0.9,0.9,-,0.3,1.3,0.1,-,1.4,0.6,0.9,0.2,1.7,1.9,21,1.9,0.9,0.2,2011-12
Sam Vokes,Wolverhampton Wanderers,wls,26,FW,186,90,0(4),62,-,-,1,-,1,68.8,0.8,-,-,0.3,0.5,-,-,-,-,-,0.3,-,-,-,0.3,0.3,4,-,0.3,-,2011-12
Sebastien Bassong,Wolverhampton Wanderers,cm,30,D(C),187,73,9,684,-,-,1,1,0.2,83.7,1.3,-,0.8,2.4,1,0.8,6.9,0.1,0.9,-,0.1,0.4,0.3,-,0.4,0.2,28.6,-,2.7,0.1,2011-12
Matt Doherty,Wolverhampton Wanderers,ie,24,D(LR),182,80,0(1),45,-,-,-,-,-,77.8,-,-,3,2,-,-,2,1,1,-,-,-,2,-,-,-,18,-,1,-,2011-12
Ronald Zubar,Wolverhampton Wanderers,fr,30,D(C),186,84,14(1),1163,1,-,4,1,0.7,75.3,1.3,1,2,2.8,0.9,0.5,4.4,0.6,0.3,-,0.3,0.5,1,0.1,0.7,0.5,32.9,0.3,1.1,-,2011-12
Stephen Hunt,Wolverhampton Wanderers,ie,35,M(L),175,79,16(8),1396,3,1,5,-,1.3,76.5,0.1,-,1.1,0.9,0.9,-,0.6,0.3,0.3,-,0.8,0.4,0.7,0.2,1.1,1.5,17,0.8,0.5,-,2011-12
Dorus de Vries,Wolverhampton Wanderers,nl,35,GK,180,76,4,322,-,-,-,-,-,47.7,-,-,0.3,-,-,-,1,-,-,-,-,-,-,-,-,-,26.8,-,10,-,2011-12
Sylvan Ebanks-Blake,Wolverhampton Wanderers,eng,30,"AM(L),FW",178,84,8(15),1014,1,3,1,-,1.3,79.3,0.4,-,0.5,0.1,0.9,-,-,0.1,-,-,0.4,-,0.4,0.7,1.4,1.6,12.8,0.1,0.2,0.1,2011-12
Anthony Forde,Wolverhampton Wanderers,ie,22,Midfielder,186,76,3(3),243,-,-,-,-,0.5,83.3,0.2,-,0.7,1.3,-,-,0.2,0.2,-,-,0.2,0.2,-,-,1.5,1,11,-,0.2,0.2,2011-12
Matthew Jarvis,Wolverhampton Wanderers,eng,30,M(LR),173,70,31(6),2821,8,4,-,-,1.1,82.7,0.3,2,0.8,0.8,0.3,-,0.7,0.5,-,-,1.7,1.1,0.6,0.3,1.1,1.1,22.6,2,0.4,-,2011-12
George Elokobi,Wolverhampton Wanderers,cm,30,D(C),185,84,3(6),291,-,-,-,-,0.1,79.3,0.1,-,0.8,0.3,0.4,0.2,3.2,0.6,0.1,-,0.1,-,0.6,-,0.3,0.2,15.6,0.2,0.7,-,2011-12
Steven Fletcher,Wolverhampton Wanderers,sct,29,FW,186,76,26(6),2354,12,2,2,-,2.2,71.8,2.1,-,0.3,0.3,0.4,-,0.5,-,0.2,-,1.1,0.2,0.8,0.8,1.3,1.8,25.1,0.3,0.5,-,2011-12
Richard Stearman,Wolverhampton Wanderers,eng,29,D(C),188,67,28(2),2406,-,-,7,-,0.2,76.5,0.4,-,1.9,1.5,1,0.7,4.7,0.7,0.8,-,0.1,0.1,0.7,-,0.5,0.5,26.1,-,1.4,-,2011-12
Adam Hammill,Wolverhampton Wanderers,eng,28,M(LR),180,73,3(6),346,-,1,2,-,1.1,75,0.1,-,1.1,0.2,0.6,-,-,0.2,-,-,1,0.6,0.7,-,0.6,0.4,12,0.8,0.6,-,2011-12
Christophe Berra,Wolverhampton Wanderers,sct,31,D(C),186,81,29(3),2699,-,-,5,-,0.4,70.9,2,-,1.7,1.4,1.3,1,7.8,0.4,0.9,-,0.2,0.1,0.7,-,0.2,0.4,27.5,-,1.3,-,2011-12
David Edwards,Wolverhampton Wanderers,wls,30,M(C),183,78,24(2),1937,3,1,2,-,0.8,79.1,0.7,-,1.8,1.6,0.9,-,1.2,0.7,0.3,-,0.5,0.2,0.7,0.1,0.8,1,34.6,0.2,1.7,-,2011-12
Stephen Ward,Wolverhampton Wanderers,ie,31,D(L),184,72,38,3420,3,1,2,-,0.6,77.2,0.9,-,1.3,1.6,0.4,0.3,3.4,0.3,0.5,-,0.5,0.6,0.6,0.1,0.6,1,44.8,0.5,1.8,0.1,2011-12
Adlène Guédioura,Wolverhampton Wanderers,dz,30,M(C),183,74,2(8),295,-,-,2,-,1.5,74,0.2,-,1.1,0.8,0.8,-,0.3,0.5,-,-,0.1,0.4,0.3,0.1,1.6,0.8,12.7,0.2,0.8,-,2011-12
Jamie O'Hara,Wolverhampton Wanderers,eng,29,M(C),180,72,19,1662,2,1,6,-,3.1,82.9,0.7,-,1.2,1.4,0.7,-,0.4,0.6,0.2,-,1.5,0.4,1.1,-,1.3,0.9,63.5,1.7,6.9,0.2,2011-12
Stefan Maierhofer,Wolverhampton Wanderers,at,34,FW,202,100,0(1),1,-,-,-,-,-,100,-,-,-,-,-,-,-,1,-,-,-,-,-,-,-,-,1,-,-,-,2011-12
Carl Ikeme,Wolverhampton Wanderers,eng,30,GK,188,86,0(1),38,-,-,-,-,-,38.5,-,-,-,-,-,-,-,-,-,-,-,-,-,-,-,-,13,-,4,-,2011-12
Nenad Milijas,Wolverhampton Wanderers,rs,33,"AM(CR),FW",185,81,6(14),724,-,1,1,1,0.9,81.5,0.4,-,0.8,1,0.8,-,0.9,0.3,0.1,-,0.9,0.2,0.5,0.1,0.5,0.8,24.8,0.6,2.5,0.1,2011-12
Kevin Doyle,Wolverhampton Wanderers,ie,32,FW,180,79,26(7),2350,4,7,4,-,1.5,78.4,1.3,3,1.4,0.3,1.1,-,0.4,0.5,0.2,1,1,0.5,1.6,0.3,1.8,1.7,22.2,0.6,0.5,-,2011-12
Karl Henry,Wolverhampton Wanderers,eng,33,M(C),183,76,30(1),2580,-,-,7,1,0.5,86.2,0.3,-,1.6,1.9,1,-,1.2,0.4,0.2,-,0.5,0.3,1.2,-,0.7,0.5,46.2,0.1,3.7,-,2011-12
David Davis,Wolverhampton Wanderers,,25,M(CL),173,77,6(1),399,-,-,-,-,0.4,82,0.3,-,2.3,1,0.7,-,1.1,0.6,-,-,0.6,0.1,0.9,0.1,1,0.7,27,0.4,2.4,-,2011-12
Johnny Gorman,Wolverhampton Wanderers,nir,23,Midfielder,175,70,0(1),1,-,-,-,-,-,100,-,-,-,1,-,-,-,-,-,-,-,-,-,-,-,-,1,-,-,-,2011-12
Roger Johnson,Wolverhampton Wanderers,eng,33,D(C),191,70,26(1),2356,-,1,6,-,0.8,70.5,2.2,1,1.6,2.6,0.8,0.9,8.4,0.7,1.2,1,0.2,-,1.6,-,0.1,0.3,27.3,0.1,1.9,-,2011-12
Eggert Jónsson,Wolverhampton Wanderers,is,28,Midfielder,188,72,2(1),173,-,-,1,-,-,88.4,0.3,-,2.3,2,1.3,-,0.7,-,-,-,0.7,-,0.3,-,1.7,1,28.7,-,1.7,-,2011-12
Wayne Hennessey,Wolverhampton Wanderers,wls,29,GK,198,90,34,3060,-,-,1,-,-,44.8,-,4,0.1,0.1,-,-,1.2,0.1,-,-,0.2,-,0.1,-,-,-,37.2,-,14.2,-,2011-12
Jody Craddock,Wolverhampton Wanderers,eng,41,D(CL),185,78,1,74,-,-,-,-,-,73.5,4,-,1,1,1,-,7,1,1,-,-,-,-,-,-,-,34,-,2,-,2011-12
Emmanuel Frimpong,Wolverhampton Wanderers,gh,24,M(C),180,70,5,295,-,1,1,-,1,82,-,-,2.4,3,1.2,-,0.6,1,0.4,-,0.4,1.2,0.6,-,0.2,0.4,26.6,-,1.6,-,2011-12
Tom Huddlestone,Tottenham,eng,29,DMC,180,80,0(2),61,-,-,-,-,1.5,78.9,-,-,1,0.5,1.5,-,-,-,-,-,1.5,-,0.5,-,-,1,19,0.5,5,-,2011-12
Roman Pavlyuchenko,Tottenham,ru,34,FW,188,80,0(5),128,1,-,-,-,1,76.5,0.2,-,-,-,0.2,-,0.2,-,-,-,0.4,-,0.6,-,0.8,1.2,6.8,-,0.2,0.2,2011-12
Luka Modric,Tottenham,hr,31,M(C),174,65,36,3216,4,4,2,-,2.3,87.4,0.3,2,1.6,2.3,0.5,-,0.4,0.9,0.2,-,2.6,1.8,1.3,0.1,2.4,1,70.4,1.3,7.6,0.5,2011-12
Michael Dawson,Tottenham,eng,32,D(C),188,76,6(1),548,-,-,1,-,0.4,86.2,3.3,-,1,2.1,0.4,0.6,8.9,0.3,1.1,-,0.1,-,0.3,-,-,0.3,41.3,-,6.3,-,2011-12
Adam Smith,Tottenham,eng,25,D(R),178,74,0(1),14,-,-,-,-,-,90.9,-,-,1,1,-,-,-,-,1,-,-,-,-,-,-,-,11,-,-,-,2011-12
Sebastien Bassong,Tottenham,cm,30,D(C),187,73,1(4),224,-,-,-,-,0.2,91,1.2,-,0.6,0.6,0.6,-,6,-,0.2,-,0.2,-,-,-,0.2,-,13.4,-,1.4,-,2011-12
Benoit Assou-Ekotto,Tottenham,cm,32,D(L),178,69,34,2963,2,4,6,-,0.9,80.1,0.4,2,1.8,2.7,1.1,0.2,2.3,0.5,0.1,-,1.3,0.9,1.2,0.1,1.1,0.8,59.4,0.7,6.9,0.1,2011-12
Ryan Nelsen,Tottenham,nz,38,D(C),185,77,0(5),110,-,-,-,-,0.2,87.8,0.2,-,0.4,0.6,0.6,0.2,2.2,0.2,0.4,-,-,-,0.2,-,-,-,14.8,-,1.4,-,2011-12
Danny Rose,Tottenham,eng,26,D(L),173,72,3(8),311,-,-,1,1,0.1,84.9,0.1,-,1.1,0.8,0.5,0.1,0.6,-,0.3,-,0.1,0.1,0.5,0.1,0.3,0.9,14.5,0.3,0.5,-,2011-12
Brad Friedel,Tottenham,us,45,GK,191,92,38,3420,-,-,-,-,-,58.5,0.1,2,-,-,-,-,0.7,-,-,-,-,-,0.1,-,-,-,26,-,7.2,-,2011-12
Jake Livermore,Tottenham,eng,26,DMC,180,76,7(17),839,-,1,1,-,0.2,91.1,-,-,1.2,1.1,0.4,-,0.4,0.2,0.1,-,0.5,0.2,0.4,-,0.7,0.3,24.3,-,1.8,-,2011-12
Kyle Walker,Tottenham,eng,26,D(R),178,70,37,3231,2,1,4,-,0.7,83,0.9,1,2.6,1.8,0.9,0.2,3.2,0.6,0.2,-,0.9,0.8,0.8,-,0.7,0.7,48,0.5,3,0.1,2011-12
Ledley King,Tottenham,eng,35,"D(L),DMC",188,82,21,1795,-,-,-,-,0.5,90.6,1.6,-,0.8,1.9,0.5,0.7,6.3,-,0.8,-,-,0.1,0.3,-,0.1,0.1,39.7,-,3,-,2011-12
Sandro,Tottenham,br,27,M(C),187,75,17(6),1419,-,-,6,-,0.8,87.6,0.5,1,3.7,1.9,1.2,0.1,1,0.3,0.2,-,0.5,0.7,1.4,-,0.8,1.1,34.8,-,1.5,-,2011-12
Steven Pienaar,Tottenham,za,34,M(L),173,69,0(2),14,-,-,-,-,-,86.7,-,-,1,-,-,-,-,-,-,-,-,-,1,-,0.5,0.5,7.5,-,-,-,2011-12
Louis Saha,Tottenham,fr,38,"AM(L),FW",185,69,5(5),398,3,1,-,-,1.8,80.2,0.7,-,0.4,0.1,0.5,-,0.4,0.2,0.1,-,0.3,0.6,0.6,0.3,1.7,1.5,11.6,-,0.2,0.3,2011-12
Scott Parker,Tottenham,eng,35,M(C),170,67,28(1),2476,-,1,7,1,0.7,89.5,0.2,-,3.7,3,1.6,-,1.2,1.3,0.8,-,0.8,0.4,1.5,-,1.3,0.9,59.4,0.2,2.7,0.3,2011-12
Niko Kranjcar,Tottenham,hr,32,M(CL),185,84,9(3),643,1,1,-,-,1.4,84.8,0.4,-,1.3,0.8,0.7,-,0.4,0.8,0.2,-,1.4,0.5,0.6,-,1.2,1.3,35.2,0.3,3,0.1,2011-12
Aaron Lennon,Tottenham,eng,29,M(LR),165,63,19(4),1582,3,5,1,-,0.8,86.1,0.2,-,0.7,0.6,0.3,-,0.2,0.3,-,-,1.7,0.9,0.6,0.1,1.1,0.6,24.7,0.6,0.3,0.1,2011-12
Peter Crouch,Tottenham,eng,35,FW,201,75,1,90,-,-,-,-,2,81.8,6,-,-,2,6,-,1,-,-,-,2,-,1,1,1,-,33,-,3,-,2011-12
William Gallas,Tottenham,fr,39,D(C),181,69,15,1325,-,-,1,-,0.2,93,1.3,-,1.1,1.9,0.7,0.7,7.3,0.1,0.3,-,0.1,0.3,0.3,0.3,0.3,0.5,45.1,-,4.5,-,2011-12
Younes Kaboul,Tottenham,fr,30,D(C),182,75,33,2904,1,-,2,1,0.9,84.2,3.7,1,2.1,2.3,0.8,0.5,8.8,0.3,0.7,1,0.2,0.3,0.2,-,0.3,0.4,46.9,-,3.9,-,2011-12
Vedran Corluka,Tottenham,hr,30,D(C),192,84,1(2),136,-,-,-,-,-,80.7,0.7,-,1.7,1.3,0.3,-,3.3,-,0.7,-,-,0.7,-,-,1,-,19,-,0.3,-,2011-12
Jermain Defoe,Tottenham,eng,33,"AM(R),FW",171,65,11(14),1288,11,1,2,-,2.6,82.5,-,-,0.7,0.2,0.5,-,0.1,0.2,-,-,0.6,0.7,0.5,0.5,1,1.4,11.6,-,0.2,0.1,2011-12
Emmanuel Adebayor,Tottenham,tg,32,FW,191,82,32(1),2841,17,11,3,-,3,80.8,1.9,4,0.8,0.7,1.6,-,0.8,0.3,0.1,-,1.8,0.8,0.7,1.6,3.2,3.5,34.3,0.1,1,0.2,2011-12
Cameron Lancaster,Tottenham,eng,23,Forward,184,74,0(1),11,-,-,-,-,1,100,-,-,1,-,-,-,-,-,-,-,1,1,-,-,-,-,4,-,-,-,2011-12
Gareth Bale,Tottenham,wls,27,"M(CLR),FW",183,74,36,3217,9,10,3,-,3.8,82.5,1,8,1.2,1.5,0.4,0.1,1.1,0.4,0.1,-,2.3,1.8,1.4,0.1,1.6,1.7,40.2,1.3,1.6,0.3,2011-12
Giovani dos Santos,Tottenham,mx,27,"AM(CLR),FW",179,71,0(7),49,-,-,-,-,0.1,86.5,-,-,0.4,0.1,-,-,-,-,0.1,-,0.1,-,0.4,-,-,-,5.3,-,-,-,2011-12
Rafael van der Vaart,Tottenham,nl,33,M(C),176,74,28(5),2339,11,7,3,-,3.1,88,0.2,4,1.1,0.8,1,-,0.2,0.7,-,-,2.3,0.2,0.9,0.2,1.1,1.4,49.1,1.2,4.1,0.4,2011-12
Seamus Coleman,Everton,ie,27,"D(R),M(R)",178,67,14(4),1133,-,-,2,-,0.8,82.6,0.2,-,1,1.1,1.1,-,0.1,0.3,0.1,-,1.1,0.9,1,0.2,1.9,1.3,20.7,0.7,0.5,0.1,2011-12
Mikel Arteta,Everton,es,34,M(C),183,64,1(1),125,1,-,-,-,1.5,85.3,-,-,-,0.5,0.5,-,-,-,0.5,-,2,-,0.5,-,-,1,37.5,-,1.5,-,2011-12
Tim Cahill,Everton,au,36,"M(C),FW",178,69,27(8),2353,2,2,5,1,1.3,78.5,1.5,-,1.3,1.1,2,0.1,1.3,0.3,0.2,-,0.6,0.1,0.9,0.6,1.2,1.1,25.6,0.1,0.8,-,2011-12
Leon Osman,Everton,eng,35,M(CLR),173,67,28(2),2378,4,1,3,-,2.1,83.4,0.7,1,1.2,1.2,0.7,-,1.1,0.9,0.2,-,1.3,0.5,1.1,0.1,1.7,1,33.8,0.7,1.5,0.1,2011-12
Tony Hibbert,Everton,eng,35,D(R),175,71,31(1),2755,-,3,1,-,0.1,76.4,0.6,1,1.6,1.9,0.4,0.5,3.3,0.6,0.5,1,0.6,0.1,0.6,0.1,0.4,0.5,33,0.7,1.6,-,2011-12
Jack Rodwell,Everton,eng,25,M(C),188,80,11(3),926,2,1,2,1,1.8,87.6,0.4,-,1.3,1.2,0.5,-,0.9,0.4,0.3,-,0.5,0.1,0.1,0.1,0.4,0.3,27.1,-,2.4,-,2011-12
James McFadden,Everton,sct,33,"M(C),FW",178,75,2(5),166,-,-,-,-,1,74.7,0.1,-,0.7,0.4,0.4,-,0.1,0.4,-,-,0.4,0.4,0.1,0.3,1.3,0.7,11.3,0.6,0.1,-,2011-12
John Heitinga,Everton,nl,32,D(C),182,72,29(1),2541,1,-,4,-,0.4,79.7,0.8,-,1.3,1.5,1.1,0.8,5.4,0.3,1.1,1,0.2,0.1,0.6,-,0.1,0.2,31.6,-,4.7,0.1,2011-12
Phil Neville,Everton,eng,39,M(C),180,69,24(3),2068,-,-,3,-,0.2,81,0.7,-,1.3,1.2,1.2,0.1,1.6,0.5,0.3,1,0.5,0.1,0.6,-,0.4,0.4,40.4,0.3,2,-,2011-12
Nikica Jelavic,Everton,hr,31,FW,188,88,10(3),958,9,-,1,-,2.8,68.6,1.2,1,0.2,0.4,1.5,-,1.2,0.5,0.2,-,0.8,0.5,1.2,1,1.9,1.8,21.3,0.1,0.5,-,2011-12
Jose Baxter,Everton,eng,24,Forward,175,74,0(1),11,-,-,-,-,1,60,-,-,-,-,-,-,-,-,-,-,-,-,-,-,-,-,5,-,-,-,2011-12
Leighton Baines,Everton,eng,31,"D(L),M(L)",170,74,33,2970,4,2,7,-,0.8,76.5,0.2,3,1.7,2,0.9,0.2,2.3,0.3,0.4,-,2,0.8,0.9,0.2,0.8,0.7,40.6,2,2.2,-,2011-12
Steven Pienaar,Everton,za,34,M(L),173,69,14,1239,4,7,6,-,1.6,83.1,0.4,3,1.9,1.8,1.4,-,0.4,0.4,0.3,-,2.3,1,2.7,-,3,1.9,50.8,0.6,1.6,0.2,2011-12
Louis Saha,Everton,fr,38,"AM(L),FW",185,69,15(3),1290,1,-,-,-,2.8,76.9,0.9,-,0.3,0.4,0.4,-,0.5,0.1,0.1,-,0.7,0.6,1.2,0.6,1.9,1.9,20.9,0.1,0.3,-,2011-12
Phil Jagielka,Everton,eng,34,D(CR),183,83,29(1),2570,2,1,2,-,0.4,74.5,1.8,1,1.8,2.1,0.4,0.6,7.6,0.3,0.5,-,0.3,0.1,0.8,-,0.2,0.4,41.7,-,6.7,0.1,2011-12
Royston Drenthe,Everton,nl,29,M(CLR),167,72,10(11),1038,3,5,5,-,1.2,81.8,-,2,1.2,0.6,1.2,-,0.2,0.2,-,-,1,1,2,0.2,1.5,0.9,14.7,0.9,0.8,-,2011-12
Jermaine Beckford,Everton,eng,32,FW,188,83,1(1),69,-,-,-,-,1,73.3,-,-,-,-,0.5,-,-,-,-,-,0.5,0.5,-,-,1.5,2.5,7.5,0.5,0.5,-,2011-12
Darron Gibson,Everton,ie,28,M(C),183,90,11,931,1,1,3,-,1.6,84,0.4,1,1.9,1.9,0.9,-,1.6,0.7,0.4,-,0.3,0.2,-,-,0.5,0.6,42.1,0.2,4.5,0.1,2011-12
Conor McAleny,Everton,eng,24,AM(L),172,66,0(2),15,-,-,-,-,1.5,66.7,-,-,-,-,-,-,-,-,-,-,-,-,-,-,-,-,1.5,-,-,-,2011-12
Marouane Fellaini,Everton,be,28,M(C),194,85,31(3),2856,3,4,6,-,1.6,79.7,2.6,3,2.9,1.6,2.6,0.1,2,0.8,0.2,-,0.7,0.3,0.7,0.5,2,0.8,52.6,0.1,2.4,-,2011-12
Denis Stracqualursi,Everton,ar,28,M(L),190,83,7(14),736,1,1,1,-,1,75.3,0.5,-,0.3,0.3,1.1,-,0.4,0.1,-,-,0.2,0.2,0.8,0.8,1,1,8.5,-,-,0.1,2011-12
Apostolos Vellios,Everton,gr,24,FW,191,79,2(11),248,3,-,1,-,0.7,69.3,0.4,-,0.2,0.2,0.3,-,0.2,-,0.1,-,0.3,0.1,0.2,0.2,0.4,0.6,5.8,-,0.2,-,2011-12
Magaye Gueye,Everton,fr,26,AM(LR),179,73,3(14),528,1,2,1,-,0.9,80.3,0.4,1,0.2,0.4,0.3,-,0.1,0.3,-,-,0.7,0.3,0.2,0.1,0.8,0.6,13.8,0.6,0.2,-,2011-12
Landon Donovan,Everton,us,34,"M(CLR),FW",173,71,7,630,-,3,1,-,0.9,79.7,0.3,1,1.9,1.7,1.1,-,0.7,0.6,0.1,-,2.3,0.9,1.4,-,0.6,1.9,29.6,1.4,0.4,0.3,2011-12
Sylvain Distin,Everton,fr,38,D(C),193,87,24(3),2217,-,1,4,-,0.3,71.8,2,1,1.6,2.5,0.4,0.9,8,0.3,0.6,-,0.2,-,0.4,0.1,0.2,0.1,30.5,0.1,2.4,-,2011-12
Tim Howard,Everton,us,37,GK,187,88,38,3420,1,-,1,-,-,49.1,-,2,-,-,-,-,1.1,0.1,-,-,-,-,0.1,-,-,-,25.2,-,7.7,-,2011-12
Diniyar Bilyaletdinov,Everton,ru,31,M(CLR),185,77,7(3),526,-,1,-,-,0.8,74.8,1.2,-,1,0.7,0.6,-,0.7,0.4,-,-,1.5,0.5,0.7,0.2,1.2,0.9,20.2,0.8,0.3,-,2011-12
Victor Anichebe,Everton,ng,28,FW,185,80,5(7),444,5,-,1,-,0.9,62.2,1.3,-,0.3,0.2,0.3,-,-,0.2,0.1,-,0.3,0.1,0.8,0.3,0.8,0.9,9.9,-,0.2,0.1,2011-12
Shane Duffy,Everton,ie,24,D(C),193,76,2(2),212,-,-,-,-,0.8,61.9,1,-,0.3,1.8,-,0.5,6,-,1,-,-,-,-,-,-,0.3,15.8,-,0.8,-,2011-12
Ross Barkley,Everton,eng,22,M(CL),189,76,2(4),214,-,-,-,-,1.2,82.1,0.7,-,0.5,-,0.3,-,-,0.5,-,-,0.8,0.8,0.8,-,0.7,0.7,15.8,0.5,2.2,-,2011-12
Nani,Manchester United,pt,29,"M(CLR),FW",175,66,24(5),2111,8,10,2,-,2.2,80.2,0.5,3,1.3,0.9,1,-,0.5,0.4,0.1,-,2.3,1.8,1,0.1,2.2,1.9,36.2,1.6,0.5,0.1,2011-12
Rio Ferdinand,Manchester United,eng,37,D(C),189,82,29(1),2565,-,-,4,-,0.1,90,0.8,-,1.4,1.8,0.3,0.4,7.4,0.4,0.7,-,0.1,0.3,0.4,-,0.2,0.2,43.1,-,5.1,-,2011-12
Ashley Young,Manchester United,eng,31,"D(R),M(LR)",180,65,19(6),1573,6,7,3,-,2.2,83.8,0.2,2,1.4,0.7,0.7,-,0.4,0.2,0.2,-,1.7,0.8,2,0.3,1.4,0.8,29.4,1.4,1.5,0.1,2011-12
Park Ji-Sung,Manchester United,kr,35,M(CLR),175,72,10(7),925,2,1,-,-,0.7,89.5,0.1,-,2.4,1.2,0.1,-,0.4,0.4,-,-,0.5,0.4,1.4,-,1.1,1.1,28.5,0.1,0.5,-,2011-12
Chris Smalling,Manchester United,eng,26,D(CR),192,81,14(5),1294,1,-,1,-,0.4,83.1,1.2,-,0.9,1.3,1.2,0.3,5,0.4,0.6,-,0.2,0.3,0.4,-,0.6,0.7,30.5,0.3,2.2,-,2011-12
Tom Cleverley,Manchester United,eng,27,M(CLR),175,67,5(5),435,-,1,-,-,0.9,91.5,-,-,1.1,0.5,0.7,-,0.3,0.6,-,-,0.5,0.4,0.6,-,0.3,1,30.5,0.2,1.3,0.1,2011-12
Ezekiel Fryers,Manchester United,eng,24,D(L),183,75,0(2),68,-,-,-,-,-,84.6,-,-,2,-,1,-,0.5,-,0.5,-,-,-,-,-,-,1,13,0.5,-,-,2011-12
Fabio,Manchester United,br,26,D(LR),172,65,2(3),247,-,-,1,-,0.4,84.3,0.6,-,2,1.4,1.4,-,3,0.6,0.2,-,0.6,0.4,0.8,-,0.2,0.8,24.2,0.8,0.8,-,2011-12
Danny Welbeck,Manchester United,eng,25,"AM(CLR),FW",185,73,23(7),2018,9,4,3,-,2.7,86.4,0.3,3,1.3,0.9,0.5,-,0.5,0.3,0.1,-,1.1,0.9,0.8,0.4,2.2,2.1,24.5,-,0.5,0.1,2011-12
Wayne Rooney,Manchester United,eng,30,"AM(CL),FW",176,83,32(2),2839,27,4,1,-,4.6,80.7,0.8,6,0.6,0.4,0.9,-,0.6,0.4,0.2,-,1.5,1,1,0.1,2.1,1.5,50.4,0.3,5.3,0.2,2011-12
Ryan Giggs,Manchester United,wls,42,M(CL),180,68,14(11),1467,2,8,3,-,0.8,80.2,0.2,2,1.1,1.2,0.8,-,0.4,0.9,-,-,1.8,0.9,0.5,-,1.7,1,40.4,1,2.4,0.3,2011-12
Patrice Evra,Manchester United,fr,35,"D(L),M(L)",174,74,37,3239,-,4,6,-,0.6,86.3,1.3,1,2.8,1.4,1,0.1,4.6,0.8,0.2,-,1.1,1.4,1.1,0.1,0.9,0.9,43.5,0.4,1.4,-,2011-12
Antonio Valencia,Manchester United,ec,31,"D(R),M(R)",181,83,22(5),2120,4,13,3,-,1,85.6,0.4,4,2.4,1.1,1.7,-,0.6,0.6,0.1,-,2.4,1.3,0.6,0.4,1.1,1.6,44.7,1.7,1.1,0.1,2011-12
Phil Jones,Manchester United,eng,24,"D(CR),DMC",185,72,25(4),2124,1,2,6,-,0.9,83.9,1.4,-,2.3,1.7,0.7,-,4.4,0.5,0.4,1,0.6,0.6,0.8,-,0.6,0.7,39.7,0.4,2.4,-,2011-12
Darron Gibson,Manchester United,ie,28,M(C),183,90,1,90,-,1,-,-,4,96.2,-,-,2,1,-,-,-,2,1,-,1,-,-,-,1,1,78,1,7,-,2011-12
Anders Lindegaard,Manchester United,dk,32,GK,193,80,8,720,-,-,-,-,-,53.8,0.1,-,-,-,-,-,0.8,-,-,-,-,-,-,-,-,-,27.9,-,6.3,-,2011-12
David de Gea,Manchester United,es,25,GK,192,76,29,2610,-,-,-,-,-,55.6,0.1,1,-,-,-,-,0.9,-,-,-,-,-,0.2,-,-,-,27.6,-,7.3,-,2011-12
Darren Fletcher,Manchester United,sct,32,M(C),183,83,7(1),644,1,1,1,-,0.4,89.9,-,-,1.4,1.1,0.6,-,0.8,0.5,0.3,-,1.1,0.1,0.6,-,0.9,1,59.5,0.3,7.1,-,2011-12
Rafael,Manchester United,br,26,D(R),172,78,10(2),916,-,4,2,-,0.8,88.1,1,-,4.1,1.1,1,0.1,3,0.5,0.2,-,0.9,0.8,1,-,1.6,0.9,51.3,0.8,2.1,-,2011-12
Ben Amos,Manchester United,eng,26,GK,180,70,1,90,-,-,-,-,-,76,-,-,-,-,-,-,1,-,-,-,-,-,-,-,-,-,25,-,6,-,2011-12
Paul Scholes,Manchester United,eng,41,M(C),168,70,14(3),1170,4,-,3,-,1.2,93.1,0.2,2,2.3,1.4,1.3,-,0.3,0.7,0.2,-,1.1,0.2,0.6,-,1,0.6,66.9,-,9.5,0.1,2011-12
Dimitar Berbatov,Manchester United,bg,35,"AM(C),FW",188,79,5(7),513,7,-,-,-,1.3,83.5,0.7,1,0.7,0.3,0.7,-,0.3,-,-,-,0.5,0.3,0.3,0.3,1.2,0.8,19.7,-,0.3,0.1,2011-12
Anderson,Manchester United,br,28,M(CR),176,69,8(2),695,2,1,2,-,1,86,0.1,-,2.3,1.5,1.2,-,0.7,0.9,0.5,-,1.3,0.8,0.2,-,1.3,0.7,51.4,0.4,4.6,0.1,2011-12
Will Keane,Manchester United,eng,23,FW,178,78,0(1),4,-,-,-,-,1,100,-,-,-,-,-,-,-,-,-,-,-,-,-,-,1,-,3,-,-,-,2011-12
Nemanja Vidic,Manchester United,rs,34,D(C),189,84,6,502,-,-,-,-,0.7,81.9,3,2,1,2.3,0.7,0.7,12.8,-,0.3,-,0.7,0.3,0.3,-,-,0.3,41.5,0.2,4.5,-,2011-12
Michael Carrick,Manchester United,eng,35,"D(C),M(C)",188,74,27(3),2513,2,3,4,-,0.9,90.1,0.3,3,3,2.4,0.7,-,1.6,0.8,0.5,-,1,0.3,0.7,-,0.3,0.9,73.1,0.1,6,0.1,2011-12
Paul Pogba,Manchester United,fr,23,DMC,191,84,0(3),67,-,-,-,-,1.3,95.3,-,-,1,1.3,0.3,-,0.7,-,-,-,-,1,0.3,-,-,0.3,28.3,-,3,-,2011-12
Michael Owen,Manchester United,eng,36,FW,173,70,0(1),79,-,-,-,-,2,85,-,-,-,-,-,-,-,-,-,-,-,-,-,2,1,4,20,-,3,-,2011-12
Jonny Evans,Manchester United,nir,28,D(CL),188,77,28(1),2428,1,3,6,1,0.5,90.1,1.6,1,1.2,1.9,0.9,0.2,7.8,0.3,1,1,0.4,0.2,0.7,-,0.2,0.2,48.9,-,4,-,2011-12
Chicharito,Manchester United,mx,28,FW,175,73,18(10),1477,10,2,-,-,1.7,82.7,0.1,-,0.3,0.2,0.4,-,-,0.3,-,-,0.8,-,0.5,1.5,1.1,1.3,14.4,0.2,0.4,-,2011-12
Federico Macheda,Manchester United,it,25,FW,184,77,0(3),44,-,-,-,-,0.7,84.6,-,-,0.3,0.3,0.3,-,-,1,-,-,0.7,0.3,0.7,-,-,1,8.7,-,-,-,2011-12
Dean Whitehead,Stoke,eng,34,"D(R),DMC",180,77,24(9),2363,-,2,5,-,0.3,80,0.6,-,1.7,1.4,1,-,1.8,0.7,0.5,-,0.5,0.1,1.1,-,0.6,1,29.4,0.1,2.4,-,2011-12
Marc Wilson,Stoke,ie,29,"D(CL),DMC",188,80,35,2908,-,1,8,-,0.7,65.7,1.2,1,2.3,1.1,1,0.2,7,0.8,0.2,-,0.2,0.4,0.3,-,0.9,0.5,27.4,0.4,3.9,-,2011-12
Matt Upson,Stoke,eng,37,D(C),185,72,10(4),1019,1,-,1,-,0.4,77.2,1.2,2,1.6,1.1,0.8,0.1,9.9,0.1,0.7,-,-,-,0.8,-,0.1,0.1,16.6,-,2.8,-,2011-12
Ricardo Fuller,Stoke,jm,36,FW,191,78,3(10),349,-,-,2,1,0.5,79.4,0.4,-,0.8,0.4,1,-,0.1,0.2,0.1,-,0.3,0.3,0.5,-,1.4,0.9,4.8,0.2,0.5,-,2011-12
Wilson Palacios,Stoke,hn,32,M(C),178,71,9(9),800,-,-,3,-,0.2,83.5,0.3,-,1.4,0.7,1,0.1,0.6,0.7,0.2,-,0.2,0.3,0.7,-,0.6,0.2,17.5,0.1,1.4,-,2011-12
Ryan Shotton,Stoke,eng,27,"D(CR),M(R)",191,85,14(9),1394,1,1,2,-,0.3,68.5,1,1,1.2,0.9,0.8,0.1,3,0.5,0.1,-,0.6,0.6,0.7,-,1.1,1.1,15.2,0.4,1.1,-,2011-12
Jermaine Pennant,Stoke,eng,33,M(R),173,64,18(9),1706,-,6,2,-,0.4,73,0.3,-,1,1.1,0.4,-,0.5,0.7,-,-,1.6,0.9,1.7,0.2,1.8,1,17.9,2.6,1,-,2011-12
Ryan Shawcross,Stoke,eng,28,D(C),191,76,36,3169,2,2,8,-,0.5,69.3,1.3,1,1.4,0.8,1.1,0.7,13.4,0.3,0.8,-,0.2,-,0.8,0.1,0.2,0.3,16.8,-,3,-,2011-12
Asmir Begovic,Stoke,ba,29,GK,198,83,22(1),1996,-,-,-,-,-,54.2,-,2,-,0.2,-,-,1.1,0.1,-,-,-,-,0.1,-,-,-,29,-,14.7,-,2011-12
Cameron Jerome,Stoke,eng,30,FW,185,85,7(16),838,4,1,-,-,1.1,66,0.7,-,0.7,0.2,0.7,-,0.5,0.1,-,-,0.2,0.1,0.5,0.3,0.9,1.2,8.6,-,0.1,-,2011-12
Andy Wilkinson,Stoke,eng,32,D(LR),180,69,20(5),1709,-,-,5,-,0.3,62.9,0.7,-,2.4,1,1.1,0.2,5.5,0.7,0.3,-,0.2,0.2,0.4,0.1,0.7,0.4,16.9,0.2,1.2,-,2011-12
Salif Diao,Stoke,sn,39,M(CR),185,73,2(4),123,-,-,1,-,-,87,0.3,-,0.8,0.7,0.2,-,0.3,-,-,-,-,-,0.2,-,0.3,-,7.7,-,0.3,-,2011-12
Rory Delap,Stoke,ie,40,"D(C),M(CR),FW",183,74,18(8),1527,2,-,4,-,0.5,69.1,0.6,-,1.4,1.3,1.1,-,1.7,0.8,0.2,-,0.6,0.3,0.3,-,0.7,0.7,15.8,0.1,0.8,-,2011-12
Matthew Etherington,Stoke,eng,35,M(L),178,67,30,2383,3,7,1,-,0.8,75.9,-,2,0.8,0.7,0.1,-,0.5,0.4,-,-,1.7,0.7,0.4,-,1.6,1.3,18.7,2,0.8,0.1,2011-12
Jonathan Walters,Stoke,ie,32,"M(CLR),FW",183,79,38,3336,7,5,3,-,1.8,67.6,1.7,2,0.9,0.5,1.2,-,1.4,0.4,0.1,-,0.9,0.4,1.5,0.5,1.8,1.9,24.5,0.3,0.3,-,2011-12
Peter Crouch,Stoke,eng,35,FW,201,75,31(1),2691,10,2,2,-,1.8,58.5,4.5,3,0.5,0.3,1.3,-,1.5,0.3,0.2,1,0.8,0.2,1.7,0.7,1.7,2.5,34.7,-,0.3,-,2011-12
Kenwyne Jones,Stoke,tt,31,FW,188,84,10(11),975,1,-,-,-,1.1,59.9,2.6,-,0.1,0.2,0.6,-,0.6,0.4,0.1,-,0.2,0.1,0.6,0.1,1.1,1,11.5,-,0.3,-,2011-12
Danny Higginbotham,Stoke,eng,37,"D(C),DMC",188,78,1(1),112,-,-,-,-,1,47.1,1,-,1,-,1.5,-,4,0.5,-,-,-,-,-,-,-,-,8.5,-,1.5,-,2011-12
Thomas Sørensen,Stoke,dk,40,GK,195,82,16,1424,-,-,1,-,-,52.8,-,-,-,0.1,-,-,1.4,0.1,-,1,-,-,0.2,-,-,-,29.1,-,13.9,-,2011-12
Jonathan Woodgate,Stoke,eng,36,D(C),188,80,16(1),1282,-,-,3,-,0.1,72.8,1.6,-,1.9,1.4,0.9,0.6,7.6,0.5,0.4,1,0.1,0.1,0.2,-,0.3,0.2,17.1,0.1,2.2,-,2011-12
Danny Pugh,Stoke,eng,33,"D(L),M(L)",183,76,0(3),100,-,-,-,-,1.3,70.4,0.3,-,0.3,-,0.3,-,0.7,0.7,0.3,-,0.3,0.3,-,-,0.7,0.3,9,-,0.3,-,2011-12
Glenn Whelan,Stoke,ie,32,DMC,180,79,27(3),2486,1,1,4,-,0.7,79.4,0.3,-,1.9,1.5,1.3,-,2.5,1.1,0.7,-,1,0.2,1,-,1.1,0.9,40.7,0.5,4.9,0.1,2011-12
Robert Huth,Stoke,de,32,D(C),191,80,31(3),2832,3,-,5,1,1.3,72.9,1.7,3,2,2,1.2,0.3,8.9,0.3,1,-,0.1,0.1,0.7,-,0.3,0.3,16.8,0.1,1.7,-,2011-12
Bobby Zamora,Queens Park Rangers,eng,35,FW,185,75,14,1190,2,-,2,-,1.5,72.5,1.2,-,0.6,0.6,1.4,-,2.1,0.5,0.1,-,2.4,0.3,1.5,0.7,2.3,1.9,30.4,0.2,0.4,0.1,2011-12
Bruno Andrade,Queens Park Rangers,pt,22,Midfielder,175,74,0(1),10,-,-,-,-,-,100,-,-,-,-,-,-,-,-,-,-,-,-,-,-,-,-,4,-,-,-,2011-12
DJ Campbell,Queens Park Rangers,eng,34,"AM(LR),FW",178,72,2(9),319,1,-,-,-,0.7,71.4,0.1,-,0.3,0.5,0.5,-,0.1,0.1,0.1,-,0.4,0.2,0.7,0.3,0.6,0.5,7,0.1,0.1,-,2011-12
Jamie Mackie,Queens Park Rangers,sct,30,"M(CR),FW",173,71,24(7),2186,7,1,2,-,1.2,77.5,0.1,-,1,0.7,0.8,-,0.6,0.2,-,-,0.6,0.8,0.7,0.6,1.6,2.2,13.9,0.1,0.3,-,2011-12
Jay Bothroyd,Queens Park Rangers,eng,34,FW,191,82,12(9),1104,2,1,3,-,1.7,68,2.8,-,0.5,0.3,1.5,-,0.8,0.1,0.3,-,0.6,0.3,1.2,0.4,1.1,1.4,20.7,0.2,0.5,-,2011-12
Ákos Buzsáky,Queens Park Rangers,hu,34,M(C),180,74,10(8),896,2,2,-,-,2,83.8,0.2,2,1,0.7,0.7,-,0.6,0.3,0.1,-,0.8,0.1,0.3,-,0.8,0.7,26,0.3,1.1,-,2011-12
Heidar Helguson,Queens Park Rangers,is,39,AM(L),178,78,13(3),1155,8,2,2,-,2.6,57.8,4.2,1,0.6,0.3,1.2,-,1.3,0.1,0.3,-,0.9,-,1.9,0.8,0.7,1.1,24.1,0.3,0.4,-,2011-12
Djibril Cissé,Queens Park Rangers,fr,35,FW,183,83,7(1),536,6,-,-,2,3.3,63.6,0.4,-,0.5,-,0.6,-,-,0.1,-,-,0.5,0.4,0.6,0.5,0.1,0.8,13.4,0.3,0.3,0.1,2011-12
Hogan Ephraim,Queens Park Rangers,eng,28,AM(C),175,70,0(2),41,-,-,-,-,-,80,-,-,0.5,0.5,-,-,0.5,-,-,-,-,-,0.5,-,-,0.5,5,-,-,-,2011-12
Armand Traore,Queens Park Rangers,sn,26,"D(L),M(L)",185,81,18(5),1617,-,3,1,1,0.3,84.3,0.5,-,1.3,1.5,0.6,-,2.8,0.4,0.2,-,0.9,0.9,0.8,-,0.9,1,28,0.7,1,-,2011-12
Danny Gabbidon,Queens Park Rangers,wls,37,D(C),178,77,15(2),1424,-,-,1,-,0.2,73.9,2.3,-,1.6,1.9,0.4,0.7,11.1,0.4,0.9,1,0.2,0.1,0.6,-,0.4,0.3,24.8,0.1,1.8,-,2011-12
Michael Harriman,Queens Park Rangers,ie,23,Defender,168,65,0(1),28,-,-,-,-,-,85.7,-,-,-,-,-,-,-,-,-,-,-,-,-,-,-,-,7,-,-,-,2011-12
Bradley Orr,Queens Park Rangers,eng,33,D(C),186,89,2(4),328,-,-,-,-,0.2,75.4,0.5,-,1.2,1,0.3,-,2.2,-,0.3,-,0.3,-,0.2,-,0.3,0.3,21.7,0.7,1,-,2011-12
Joey Barton,Queens Park Rangers,eng,34,M(C),172,70,31,2673,3,3,8,2,1.4,75.2,0.5,3,2.9,1.9,1.5,-,1.3,1.1,0.5,-,2,0.5,1.8,0.1,1.3,0.9,50.6,1.4,4.6,-,2011-12
Kieron Dyer,Queens Park Rangers,eng,37,D(C),173,65,1,7,-,-,-,-,-,-,-,-,1,-,-,-,-,-,-,-,-,-,-,-,-,1,-,-,-,-,2011-12
Shaun Derry,Queens Park Rangers,eng,38,DMC,183,82,28(1),2239,1,-,4,1,0.6,81.1,0.9,-,2.3,1.4,0.9,-,1.8,0.8,0.6,-,0.4,0.2,0.5,-,0.3,0.7,32.4,-,3.5,-,2011-12
Alejandro Faurlin,Queens Park Rangers,ar,30,M(C),185,79,20,1800,1,-,3,-,1.5,81.3,1.4,2,4.5,2.3,1.2,-,1.9,1.5,0.4,-,1.4,0.5,1.5,-,1.3,1.4,57.4,0.3,6.2,0.2,2011-12
Patrick Agyemang,Queens Park Rangers,gh,35,Forward,185,89,2,148,-,-,-,-,1,55.9,2.5,-,0.5,0.5,-,-,-,-,-,-,-,-,2,-,1.5,1.5,17,-,-,-,2011-12
Shaun Wright-Phillips,Queens Park Rangers,eng,34,M(LR),168,64,24(8),2213,-,3,3,-,2,81,0.2,-,1.5,1.1,0.7,-,0.6,0.3,0.1,-,1,1.1,1.4,0.5,1.4,2.1,21.4,0.4,0.7,0.1,2011-12
Robert Hulse,Queens Park Rangers,eng,36,Forward,185,78,1(1),70,-,-,-,-,-,20,0.5,-,0.5,-,0.5,-,1,-,-,-,-,-,-,-,0.5,0.5,7.5,-,-,-,2011-12
Jason Puncheon,Queens Park Rangers,eng,30,M(CLR),173,70,0(2),15,-,-,-,-,-,87.5,-,-,0.5,-,0.5,-,-,-,-,-,-,-,-,-,0.5,1,4,-,0.5,-,2011-12
Samba Diakité,Queens Park Rangers,ml,27,M(C),185,74,9,676,1,-,5,1,1.3,86.6,0.3,-,2.9,1.4,2.6,-,1.3,0.8,0.6,-,0.8,2.6,1.8,-,1.1,1.3,34.9,0.2,1.4,-,2011-12
Taye Taiwo,Queens Park Rangers,ng,31,D(L),183,77,13(2),1194,1,2,1,-,1.1,70.8,0.3,-,1.5,2,0.5,0.4,3.7,0.9,0.3,-,0.7,0.4,0.3,-,0.3,0.5,29,0.4,2.3,-,2011-12
Bruno Perone,Queens Park Rangers,br,29,Defender,191,87,1,90,-,-,-,-,2,77.8,2,-,1,1,3,-,4,4,1,-,1,-,-,-,-,1,27,-,1,-,2011-12
Paddy Kenny,Queens Park Rangers,ie,38,GK,185,90,33,2970,-,-,-,-,-,44.3,-,1,-,-,-,-,0.9,0.1,-,-,0.1,-,0.2,-,-,-,29.5,-,11.3,-,2011-12
Adel Taarabt,Queens Park Rangers,ma,27,"AM(CL),FW",180,69,24(3),2017,2,3,2,1,3.3,82,0.1,3,0.9,1.3,0.7,-,0.1,0.7,-,-,2.2,1.4,1.9,-,2.9,1.6,37.4,1.4,2.2,0.3,2011-12
Matthew Connolly,Queens Park Rangers,eng,28,D(CR),188,84,5(1),489,-,-,-,-,0.3,76.2,0.7,-,3,1.3,0.7,1.7,6.5,0.3,0.8,-,0.3,-,0.5,-,-,0.3,20.3,0.2,1.7,-,2011-12
Clint Hill,Queens Park Rangers,eng,37,D(CL),183,73,19(3),1706,-,2,4,1,0.5,72.2,1.2,-,1.3,1.1,1.3,0.3,8,0.2,0.9,-,0.5,-,0.8,-,0.1,0.2,21.8,0.1,1.8,-,2011-12
Nedum Onuoha,Queens Park Rangers,eng,29,D(CR),183,94,16,1440,-,1,2,-,0.5,77.4,0.6,-,3.1,1.6,0.8,0.5,5.2,0.9,1.2,1,0.5,0.3,1.3,-,0.6,0.6,25.7,0.3,0.9,-,2011-12
Fitz Hall,Queens Park Rangers,eng,35,D(L),193,82,11(3),924,-,-,3,-,0.3,69.6,0.6,-,1.1,0.6,0.4,0.4,5.6,0.2,0.9,-,0.1,0.1,0.5,-,-,0.3,14.6,-,0.9,-,2011-12
Radek Cerny,Queens Park Rangers,cz,42,GK,191,85,5,450,-,-,-,-,-,45.5,-,-,-,-,-,-,1.2,-,-,-,-,0.2,-,-,-,-,31.2,-,12.6,-,2011-12
Anton Ferdinand,Queens Park Rangers,eng,31,D(C),183,78,31,2750,-,2,2,-,0.2,69.7,1.4,-,1.4,1.7,0.7,0.7,10,0.3,0.8,-,0.2,0.2,0.5,-,0.2,0.3,24.1,-,2.7,-,2011-12
Luke Young,Queens Park Rangers,eng,37,D(CR),183,77,23,2032,2,1,5,-,0.3,73.6,0.9,-,3.5,1.2,1,0.3,4.3,0.8,0.6,-,0.6,0.5,0.2,-,0.8,0.6,30.9,0.6,1.9,-,2011-12
Tommy Smith,Queens Park Rangers,eng,36,"M(C),FW",175,71,4(13),540,2,-,-,-,0.6,74.7,0.3,-,0.2,0.4,0.1,-,0.2,0.1,0.1,-,0.4,0.2,0.4,0.2,0.4,0.7,11.6,0.2,0.4,-,2011-12
Federico Macheda,Queens Park Rangers,it,25,FW,184,77,0(3),32,-,-,1,-,-,100,-,-,0.3,-,1,-,-,-,-,-,0.3,-,-,0.7,0.3,0.3,1.3,-,-,-,2011-12
Vincent Kompany,Manchester City,be,30,D(C),190,85,31,2774,3,1,5,1,0.6,86.6,1,2,2.1,2.4,1,0.5,6.2,0.3,0.8,1,0.3,0.4,0.3,-,0.1,0.2,53.1,-,4.2,-,2011-12
Micah Richards,Manchester City,eng,28,D(CR),180,82,23(6),2043,1,5,2,-,0.7,84.3,1.8,1,1.8,1.2,1.3,-,3.1,0.3,0.4,-,0.5,0.5,0.7,0.2,0.7,0.7,26.8,0.2,0.3,-,2011-12
Joe Hart,Manchester City,eng,29,GK,196,91,38,3420,-,-,-,-,-,50.9,-,1,-,-,-,-,0.8,-,-,-,0.1,-,0.2,-,-,-,21.6,-,5,-,2011-12
Sergio Agüero,Manchester City,ar,28,"AM(CL),FW",173,70,31(3),2602,23,8,2,-,3.8,86.5,0.1,6,0.7,0.5,0.6,-,-,0.4,-,-,1.7,1.6,0.8,0.9,2.8,1.5,25.3,0.1,0.4,0.1,2011-12
Gaël Clichy,Manchester City,fr,31,D(L),176,65,28,2488,-,4,1,1,0.4,85.5,0.9,1,2.3,2.7,0.7,0.1,3.6,0.8,0.2,-,1,0.8,0.8,0.1,0.5,0.4,50.4,0.7,2.6,0.1,2011-12
Gareth Barry,Manchester City,eng,35,M(C),183,78,31(3),2739,1,3,8,1,0.7,86.4,1.1,2,2.5,2.1,1.5,-,2,0.8,0.3,-,1,0.4,1,0.1,0.8,0.5,64.4,0.2,3.6,0.2,2011-12
Abdul Razak,Manchester City,ci,23,DMC,180,76,0(1),10,-,-,-,-,-,91.7,-,-,-,-,1,-,-,-,-,-,-,-,-,-,-,-,12,-,2,-,2011-12
David Pizarro,Manchester City,cl,37,M(C),170,65,1(4),164,-,1,-,-,0.2,92,-,-,0.4,0.8,0.6,-,0.2,0.2,-,-,1,-,0.8,-,1,0.4,27.4,0.4,3.6,0.2,2011-12
Joleon Lescott,Manchester City,eng,34,D(CL),190,89,30(1),2688,2,1,1,-,0.3,87.5,1.4,1,1.4,1.7,0.8,0.4,5,0.3,0.8,1,0.2,0.2,0.6,-,0.3,0.4,45.8,-,1.2,-,2011-12
Owen Hargreaves,Manchester City,eng,35,Midfielder,180,74,0(1),13,-,-,-,-,-,100,-,-,-,-,-,-,-,-,-,-,1,-,-,-,2,-,15,-,-,-,2011-12
Samir Nasri,Manchester City,fr,29,M(CLR),175,75,26(4),2173,5,9,2,-,1.9,91.1,0.1,2,0.5,0.9,0.6,-,0.2,0.3,0.1,-,2.5,0.8,0.5,0.2,1.8,1.2,52.9,1.3,1.4,0.5,2011-12
Kolo Touré,Manchester City,ci,35,D(C),183,74,8(6),847,-,-,-,-,0.5,89.4,0.7,-,1,0.8,0.5,0.2,4.1,0.1,0.3,-,0.1,0.2,0.3,-,0.4,0.1,31.1,-,1.7,-,2011-12
Aleksandar Kolarov,Manchester City,rs,30,"D(L),M(L)",187,83,9(3),821,2,4,1,-,2.1,82,1.1,1,1.4,0.8,1.1,0.1,2.3,0.5,-,-,1.2,0.4,1.2,0.2,0.2,0.6,37.1,1.3,1.3,-,2011-12
David Silva,Manchester City,es,30,M(CLR),173,67,33(3),2819,6,15,-,-,2.4,87.1,0.1,5,1.3,1,0.7,-,0.3,0.7,-,-,2.9,1.1,1,0.2,1.6,1.3,56.1,1,1.6,0.5,2011-12
Mario Balotelli,Manchester City,it,26,FW,189,88,14(9),1325,13,1,4,2,3.6,77.5,0.5,2,0.7,0.7,1.8,-,0.6,0.2,-,-,0.9,1,1.9,0.3,1.6,1.9,20.5,0.2,0.5,0.1,2011-12
Edin Dzeko,Manchester City,ba,30,FW,193,84,16(14),1497,14,3,1,-,3.1,68.8,1.2,3,0.5,0.5,0.8,-,0.6,-,0.1,-,1.1,0.7,0.8,0.3,1.3,1.8,17,0.1,0.6,0.1,2011-12
Carlos Tévez,Manchester City,ar,32,"AM(CL),FW",173,75,7(6),601,4,3,1,-,2.5,86.8,0.2,-,0.8,0.3,0.6,-,0.1,0.5,0.1,-,2.5,1,1,0.3,2,1.4,30.8,-,1,0.4,2011-12
Stefan Savic,Manchester City,me,25,D(C),187,79,5(6),543,1,-,1,-,0.3,84,1.4,-,0.6,1.1,0.5,0.5,3.3,0.3,0.5,-,0.1,0.1,0.4,-,0.3,0.2,25.5,-,0.8,-,2011-12
Yaya Touré,Manchester City,ci,33,M(C),189,90,31(1),2651,6,6,8,-,2,90.5,0.6,3,1.7,1.2,1,-,0.8,0.9,-,-,1.7,1.2,0.8,-,0.8,0.9,75.6,0.1,5.5,0.3,2011-12
Nedum Onuoha,Manchester City,eng,29,D(CR),183,94,0(1),9,-,-,-,-,-,100,-,-,-,-,-,-,1,-,-,-,-,-,1,-,-,-,1,-,-,-,2011-12
Pablo Zabaleta,Manchester City,ar,31,D(R),174,74,18(3),1549,1,-,5,-,0.9,87.4,1,2,3.3,2.1,1.2,-,2.4,0.8,0.3,-,1,0.4,0.7,-,0.7,0.5,39.4,0.4,0.9,0.1,2011-12
Adam Johnson,Manchester City,eng,29,M(CLR),175,63,10(16),1140,6,2,1,-,1.3,87.7,-,-,0.5,0.5,0.3,-,0.1,0.2,-,-,1.5,0.5,0.3,0.2,0.7,0.8,21.8,0.6,1,0.1,2011-12
James Milner,Manchester City,eng,30,M(CLR),175,70,17(9),1579,3,5,3,-,0.6,84.3,0.5,-,1.6,1.3,0.8,-,0.9,0.6,0.2,-,1.1,0.3,0.4,0.1,0.7,0.9,37.9,0.7,2,0.1,2011-12
Nigel de Jong,Manchester City,nl,31,M(C),174,72,11(10),1071,-,-,5,-,0.3,92.3,0.2,-,1.7,1.8,0.6,-,0.6,0.4,-,-,0.3,0.1,0.8,-,-,0.2,42.7,-,3.4,-,2011-12
Anthony Pilkington,Norwich,ie,28,"M(CLR),FW",180,76,23(7),1975,8,1,1,-,1.4,81.3,0.2,2,0.8,0.7,0.3,-,0.6,0.5,0.1,-,1.3,0.4,0.3,-,0.9,1.2,24.4,1.2,0.9,-,2011-12
Ritchie de Laet,Norwich,be,27,D(LR),186,77,6,482,1,-,1,-,0.2,77.5,1.7,1,3.3,1.7,1.2,0.2,7,0.2,0.7,-,-,0.3,0.3,-,0.2,0.2,23.7,0.2,1.7,-,2011-12
Andrew Surman,Norwich,za,30,M(CL),180,73,21(4),1915,4,-,1,-,1.6,82.5,0.3,2,1.2,1.1,0.5,-,1,0.5,0.2,-,1.2,0.3,0.3,-,0.8,1.2,36.2,0.8,1.7,-,2011-12
Jonny Howson,Norwich,eng,28,M(CR),180,77,11,949,1,1,3,-,1.4,83.8,0.1,-,2.2,1.1,0.8,-,1.2,0.5,0.1,-,1,0.3,1.2,-,1.2,0.6,47.6,0.2,4.4,0.1,2011-12
Simon Lappin,Norwich,sct,33,Midfielder,180,60,4,292,-,-,-,-,0.3,80.6,0.3,-,2,2.5,1,-,3.8,1,-,-,1.5,-,1,-,0.5,1,42.5,1,3.8,-,2011-12
David Fox,Norwich,eng,32,DMC,175,77,23(5),1935,-,3,3,-,0.6,83,0.2,1,1.2,1,0.4,-,1,0.8,0.1,-,1.4,-,0.4,-,0.4,0.3,52.1,1.4,6,-,2011-12
Elliott Bennett,Norwich,eng,27,"D(R),M(CLR)",175,69,22(11),2015,1,4,5,-,1,72.8,0.5,-,1.7,0.8,0.6,-,1.1,0.7,0.2,-,0.8,0.5,0.9,-,0.9,1.1,19.7,1.1,0.6,-,2011-12
Andrew Crofts,Norwich,wls,32,DMC,175,73,13(11),1289,-,1,3,-,0.7,78,0.5,-,1.3,0.8,0.7,-,0.7,1.2,0.1,-,0.7,0.2,0.6,-,0.6,0.7,19.5,0.3,1.3,-,2011-12
James Vaughan,Norwich,eng,28,FW,180,82,1(4),149,-,-,1,-,1,68.9,0.4,-,-,-,0.8,-,-,0.2,-,-,0.4,0.4,0.6,0.2,0.2,1.2,9,-,0.4,-,2011-12
Elliott Ward,Norwich,eng,31,D(C),185,83,12,1080,-,1,2,-,0.6,77.1,1.7,-,1.3,1.5,0.5,1.1,11.3,0.8,0.9,-,0.6,0.1,0.3,-,0.2,0.4,41.9,0.2,3.1,-,2011-12
Bradley Johnson,Norwich,eng,29,M(CL),178,68,25(3),2107,2,5,2,-,1.6,78,1,-,2,1.5,1.4,-,1.9,1,0.3,-,0.9,0.4,0.6,0.1,0.8,0.8,41.6,0.2,4.6,-,2011-12
Ryan Bennett,Norwich,eng,26,D(C),188,70,8,720,-,-,2,-,0.9,82.2,2.3,-,1.8,1.9,1.5,1.5,11.4,0.5,1.4,-,0.3,-,0.5,-,-,0.1,35.1,-,5.3,-,2011-12
Daniel Ayala,Norwich,,25,D(C),190,81,6(1),497,-,-,2,-,0.1,86.6,0.7,-,2.9,0.6,1.1,0.3,7,0.6,0.1,1,-,-,-,-,0.3,0.3,34,-,3.7,-,2011-12
Declan Rudd,Norwich,eng,25,GK,191,80,1(1),99,-,-,-,-,-,37.5,0.5,1,-,-,-,-,1,-,-,-,-,-,-,-,-,-,24,-,7.5,-,2011-12
Zak Whitbread,Norwich,us,32,D(C),188,72,18,1441,-,1,4,-,0.5,77.4,2,-,1.6,0.8,0.9,0.6,8.8,0.3,0.7,-,0.3,-,0.4,-,0.2,0.3,37.8,-,3.6,-,2011-12
Leon Barnett,Norwich,eng,30,D(C),185,71,13(4),1227,1,1,2,1,0.5,69.1,2.6,2,1.2,1.1,0.5,0.8,7.1,0.6,0.9,-,0.2,-,0.6,0.1,0.1,0.1,17.5,-,1.6,-,2011-12
Russell Martin,Norwich,sct,30,D(CR),183,74,30(3),2850,2,1,1,-,0.6,75.5,1.2,1,1.5,1.3,0.5,0.9,8.8,0.4,1,-,0.3,-,0.5,-,0.2,0.3,34.5,0.3,2.1,-,2011-12
Simeon Jackson,Norwich,ca,29,FW,170,72,10(12),944,3,2,1,-,1.5,81.8,0.3,-,0.2,0.2,0.6,-,-,0.2,-,-,0.5,0.2,0.9,0.3,1,1.3,8,0.3,0.1,0.1,2011-12
Steve Morison,Norwich,wls,33,FW,188,85,22(12),2099,9,4,1,-,1.9,56,1.8,-,0.3,0.3,1.1,-,0.7,0.2,0.1,-,0.9,0.2,0.3,0.5,1.2,1.8,16.1,0.1,0.3,-,2011-12
Kyle Naughton,Norwich,eng,27,D(LR),175,73,29(3),2703,-,1,7,-,0.7,74.2,0.8,1,3,1.8,0.6,0.1,4.7,0.8,0.5,-,0.6,0.4,0.4,-,0.7,0.4,39.4,0.4,3.5,0.1,2011-12
Wes Hoolahan,Norwich,ie,34,AM(CL),168,71,25(8),2284,4,7,4,-,1.1,86.1,0.2,-,1.6,1,0.4,-,0.3,0.8,0.1,-,1.4,0.7,1.5,0.2,2.2,1.4,37.2,0.5,1.8,-,2011-12
Aaron Wilbraham,Norwich,eng,36,FW,191,72,2(9),308,1,1,1,-,1,47.5,0.7,-,0.1,0.1,0.5,-,0.1,0.2,-,-,0.5,0.1,0.5,0.2,1.5,0.7,9,-,0.3,-,2011-12
Chris Martin,Norwich,sct,27,FW,178,73,3(1),240,-,-,-,-,0.8,69.1,1,-,0.3,0.5,0.8,-,-,-,-,-,1,-,1,-,1,1.8,20.3,-,0.3,-,2011-12
Adam Drury,Norwich,eng,38,D(C),180,73,12,907,-,-,2,-,-,76.3,0.8,-,1.4,1.3,0.8,0.2,3,0.6,0.3,-,0.3,-,0.8,-,0.4,0.5,34.5,0.7,2,-,2011-12
Grant Holt,Norwich,eng,35,FW,183,77,24(12),2246,15,2,6,1,2.1,67,0.6,2,0.6,0.2,2.5,-,0.5,0.3,0.1,-,1,0.1,1.6,0.9,1,2.1,17.8,0.2,0.4,0.1,2011-12
Marc Tierney,Norwich,eng,31,D(L),184,71,17,1530,-,1,2,-,0.1,72.6,0.3,-,3.2,1.6,1,0.5,5.1,0.7,0.6,-,0.5,0.1,1.1,-,0.3,0.3,33.9,0.9,2.2,-,2011-12
John Ruddy,Norwich,eng,29,GK,193,97,37,3320,-,-,1,1,-,51.2,0.1,2,-,0.1,-,-,0.8,0.1,-,-,-,-,-,-,-,-,28.1,-,10.3,-,2011-12
Steven Reid,West Bromwich Albion,ie,35,D(R),180,75,21(1),1770,1,2,4,-,0.5,76.1,1,-,1.8,0.8,0.6,0.5,2.8,0.7,0.5,1,0.8,0.3,1,-,0.3,0.5,36.7,0.5,2.9,-,2011-12
Simon Cox,West Bromwich Albion,ie,29,FW,180,70,7(11),756,-,1,2,-,1.1,79.1,0.2,-,0.4,0.6,0.8,-,0.4,0.4,0.1,-,0.9,0.5,0.3,0.1,0.6,0.9,14.3,0.1,0.3,0.2,2011-12
Jonas Olsson,West Bromwich Albion,se,33,D(C),195,85,33,2946,2,2,3,1,0.9,72.3,2.1,-,1,0.9,1.1,0.8,6.8,0.2,1.2,-,0.6,-,0.8,0.1,0.1,0.2,34.1,-,2.7,-,2011-12
Craig Dawson,West Bromwich Albion,eng,26,D(CR),188,78,6(2),542,-,-,-,-,0.4,75.7,1,-,0.9,2.4,0.4,0.5,3.9,0.1,1.5,-,-,-,0.6,-,-,0.1,21.1,-,1.1,-,2011-12
Gabriel Tamas,West Bromwich Albion,ro,32,D(CR),188,79,7(1),663,-,-,1,-,0.4,73.6,1,-,1.5,0.9,0.6,0.1,7.1,0.9,0.5,-,-,0.5,0.4,-,0.1,0.8,28.4,0.1,2.3,-,2011-12
Youssouf Mulumbu,West Bromwich Albion,cd,29,M(C),177,65,34(1),2816,1,4,5,-,0.9,84.3,0.5,2,2.9,2.9,1.4,-,0.8,1.1,0.2,-,0.8,1,1,0.1,1.2,1.5,47.4,-,3.4,0.1,2011-12
Gareth McAuley,West Bromwich Albion,nir,36,D(C),191,70,32,2880,2,-,-,-,0.6,75.1,2.8,1,2,0.7,0.6,0.9,6.4,0.2,1,1,0.2,0.1,0.6,-,0.3,0.3,28.6,-,1.1,-,2011-12
Billy Jones,West Bromwich Albion,eng,29,D(LR),183,77,17(1),1608,-,1,3,-,0.2,70,0.8,-,1.8,1.1,0.8,0.3,2.5,0.2,0.3,1,0.6,0.3,0.7,0.1,0.2,0.7,30.7,0.6,1,-,2011-12
Paul Scharner,West Bromwich Albion,at,36,D(C),191,81,18(11),1593,3,2,6,-,1.1,84.8,0.6,1,1.2,1.1,1,-,0.9,0.6,0.2,-,0.4,0.3,0.7,0.1,0.6,0.7,23.3,0.1,0.5,-,2011-12
Keith Andrews,West Bromwich Albion,ie,36,M(C),183,78,8(6),786,2,1,2,-,1.4,82.7,0.3,-,1.4,1.4,1.1,-,1,0.6,0.2,-,0.3,0.1,0.1,-,0.3,0.5,29.6,0.1,1.9,-,2011-12
Graham Dorrans,West Bromwich Albion,sct,29,M(CLR),175,65,16(15),1523,3,2,4,-,1,80.3,0.1,1,0.8,0.8,0.3,-,0.6,0.5,-,-,1.1,0.4,0.5,-,0.8,0.8,24.7,0.6,1.3,0.1,2011-12
Marton Fülöp,West Bromwich Albion,hu,33,GK,196,92,1,90,-,-,-,-,-,54.5,-,-,-,-,-,-,2,1,-,-,1,-,-,-,-,-,22,-,7,-,2011-12
Chris Brunt,West Bromwich Albion,nir,31,"D(L),M(CL)",185,84,25(4),2310,2,6,5,-,1.7,79.1,0.8,-,1.6,1.5,1,-,1,0.8,0.3,-,1.9,0.2,0.2,-,0.6,1.1,37.6,1.7,2.4,0.1,2011-12
Liam Ridgewell,West Bromwich Albion,eng,32,D(CL),188,80,13,1170,1,1,2,-,0.9,73.9,0.8,1,2.7,1.1,0.7,0.4,2.5,0.5,0.8,-,0.6,0.2,1.1,-,0.5,0.5,32.8,0.7,1.5,-,2011-12
Nicky Shorey,West Bromwich Albion,eng,35,D(L),175,67,22(3),2016,-,1,1,-,0.1,76.2,0.2,-,0.8,1.2,0.4,0.1,2.2,0.4,0.2,-,1,0.4,0.2,-,0.3,0.8,38.3,0.7,2.1,-,2011-12
George Thorne,West Bromwich Albion,eng,23,DMC,188,83,1(2),102,-,-,-,-,0.3,79.6,-,-,1.3,0.3,-,-,1.3,0.3,0.3,-,-,-,0.3,-,0.3,-,16.3,-,0.7,-,2011-12
Gonzalo Jara,West Bromwich Albion,cl,31,"D(CR),DMC",178,77,1(3),159,-,-,-,-,0.3,79.8,-,-,2.8,2,0.3,-,1,0.5,-,-,1,0.8,-,-,0.3,0.3,24.8,0.3,2.3,-,2011-12
Shane Long,West Bromwich Albion,ie,29,"AM(R),FW",178,70,24(8),2186,8,1,2,-,1.2,70.2,2.3,2,0.7,0.8,1.7,-,0.7,0.4,0.1,-,0.8,0.3,1.3,1,1.4,2.4,19.6,0.1,0.4,-,2011-12
Somen Tchoyi,West Bromwich Albion,cm,33,M(C),190,90,6(12),646,1,-,-,-,0.8,72.1,0.2,-,0.1,-,0.6,-,0.1,0.1,-,-,0.4,0.4,0.3,0.9,1.6,1.3,7.8,0.4,0.2,-,2011-12
Marc-Antoine Fortuné,West Bromwich Albion,fr,35,"AM(R),FW",183,81,12(5),1107,2,1,-,-,2.3,75.9,0.8,-,0.6,0.4,1.2,-,0.7,0.6,0.1,-,1.2,1.3,1.2,1.2,2.9,2.5,21.2,0.1,0.4,0.1,2011-12
Ben Foster,West Bromwich Albion,eng,33,GK,193,79,37,3330,-,-,-,-,-,50,0.1,2,-,-,-,-,1,0.1,-,-,0.1,0.1,0.1,-,-,0.1,27.6,-,9.5,-,2011-12
Zoltán Gera,West Bromwich Albion,hu,37,M(CLR),183,75,3,174,-,1,-,-,1.7,75,0.7,-,1.7,1,1,-,-,0.7,0.3,-,0.7,0.7,1.3,-,1.7,1,26.7,0.7,0.3,0.3,2011-12
Jerome Thomas,West Bromwich Albion,eng,33,M(L),178,79,26(3),2004,1,1,4,-,1.2,82.5,0.2,1,2.1,1.1,0.7,-,0.3,0.5,0.1,-,1.1,0.8,1.6,0.3,1.9,2,21.9,0.6,0.1,0.1,2011-12
James Morrison,West Bromwich Albion,sct,30,M(CR),178,64,23(7),2140,5,5,1,-,2.1,82.7,0.2,4,2.2,2.2,0.7,-,1.1,0.8,0.2,-,2,1.2,0.8,-,1.1,1.1,39.4,1.1,1.4,0.2,2011-12
Peter Odemwingie,West Bromwich Albion,ng,35,"AM(LR),FW",182,75,25(5),2290,10,2,2,-,2.6,77.7,0.3,2,0.8,0.8,1.1,-,0.2,0.4,0.1,-,1.1,1,0.8,1.3,1.7,2.8,26.6,0.2,0.9,-,2011-12
Franco Di Santo,Wigan,ar,27,"AM(L),FW",193,88,24(8),2039,7,1,4,-,2.2,74.2,0.7,2,0.8,0.7,1.4,-,0.4,0.2,0.1,-,0.7,0.8,1.4,0.5,1.8,1.8,16,0.1,0.8,0.1,2011-12
Steve Gohouri,Wigan,ci,35,"D(CLR),DMC",190,85,8(2),683,-,-,2,1,0.4,79,1.3,-,1.7,0.9,0.5,0.2,2.9,0.3,0.2,-,-,0.5,0.9,0.1,0.5,0.8,30.5,-,2.2,-,2011-12
Ben Watson,Wigan,eng,31,M(C),178,68,14(7),1263,3,1,1,-,1,84.5,0.5,1,1.7,1.7,1.4,-,1.2,1,0.4,-,1.1,0.4,0.1,-,0.5,0.4,44.9,0.6,5.6,-,2011-12
Ronnie Stam,Wigan,nl,32,M(R),175,62,13(7),1224,-,1,3,-,0.2,85.6,-,-,2.2,1.1,0.7,0.1,0.9,0.6,0.2,-,0.5,0.7,0.3,-,0.8,0.5,22.2,0.7,1.3,-,2011-12
Patrick van Aanholt,Wigan,nl,26,"D(L),M(L)",177,74,3,270,-,-,-,-,1.3,82.4,-,-,2.7,1,0.7,0.3,2.3,0.3,-,-,0.3,0.7,0.7,-,-,0.7,36,-,2.7,0.3,2011-12
Ali Al Habsi,Wigan,om,34,GK,194,80,38,3420,-,-,1,-,-,55.8,-,1,-,-,-,-,0.8,0.1,-,-,-,-,-,-,-,-,21.4,-,7.3,-,2011-12
Victor Moses,Wigan,ng,25,M(CLR),177,75,36(2),3217,6,1,4,-,2.7,81.2,0.2,3,1,0.7,1.1,-,0.2,0.3,-,-,1.1,2.5,2.1,0.5,2.2,2.3,24,0.6,1,-,2011-12
Adrián López,Wigan,es,29,D(C),183,88,5,442,-,-,2,-,-,84,0.6,-,2.8,2,1,0.2,5,0.6,0.4,-,-,-,0.6,-,0.4,-,30,-,3.6,-,2011-12
Conor Sammon,Wigan,ie,29,FW,186,80,8(17),836,-,-,1,1,0.6,77.3,0.3,-,0.2,-,0.7,-,0.3,0.2,-,-,0.6,0.3,0.2,0.2,1,1.2,6,-,0.2,-,2011-12
James McArthur,Wigan,sct,28,M(C),168,64,18(13),1747,3,1,4,-,0.5,84,0.7,-,1.9,1,1.3,-,1,0.5,0.1,-,0.5,0.4,0.5,-,0.7,0.5,38.6,-,2.7,-,2011-12
Maynor Figueroa,Wigan,hn,33,"D(CL),M(L)",182,85,37(1),3353,-,-,6,-,0.7,75.5,1.2,3,2.8,2.4,1,0.4,4.4,0.7,0.5,-,0.6,0.5,1,-,0.2,0.5,48.9,0.3,4.6,0.1,2011-12
Antolin Alcaraz,Wigan,py,34,D(C),184,80,25,2174,2,-,5,-,0.6,77.3,1.2,1,2.4,2.6,1.3,0.5,5.1,1,0.5,-,0.5,0.2,0.6,-,0.1,0.3,43.6,-,3.9,-,2011-12
Hugo Rodallega,Wigan,co,31,FW,181,72,11(12),1245,2,4,1,-,2.4,74.8,0.7,-,0.1,0.3,0.9,-,0.4,0.1,-,-,1,0.3,0.7,0.7,0.7,1.2,17.4,0.1,0.9,-,2011-12
Jordi Gómez,Wigan,es,31,M(CLR),178,74,24(4),1805,5,-,4,-,1.9,82.8,0.2,1,1.1,1.1,0.8,-,0.8,0.5,0.1,-,1,0.3,1.5,0.1,1.8,1,31.6,0.3,1.5,-,2011-12
Gary Caldwell,Wigan,sct,34,D(C),180,74,36,3225,3,-,9,1,0.3,82.2,1.4,1,0.6,1.4,1,0.9,5.8,0.4,1,1,0.3,0.1,0.6,-,0.2,0.1,40.9,0.1,4.1,-,2011-12
Callum McManaman,Wigan,eng,25,"AM(LR),FW",174,74,0(2),18,-,-,1,-,1,100,-,-,-,-,0.5,-,-,-,-,-,0.5,-,-,-,-,0.5,3.5,-,-,-,2011-12
David Jones,Wigan,eng,31,M(C),183,80,13(3),1165,-,1,2,-,1.1,86.6,0.3,-,1.2,0.8,0.7,0.1,1.8,0.8,0.1,-,1.6,0.4,0.7,0.1,0.7,0.8,41.4,1,1.3,0.1,2011-12
Shaun Maloney,Wigan,sct,33,AM(CLR),173,69,8(5),772,3,2,1,-,1.4,85.8,0.1,1,1.1,0.5,0.7,-,0.3,0.5,0.1,-,1.1,0.6,1.4,-,1.1,1.2,28.2,0.5,0.9,0.2,2011-12
Jean Beausejour,Wigan,cl,32,"D(L),M(L)",178,84,16,1391,-,5,1,-,0.4,78,0.6,-,0.9,1.6,0.9,0.3,1.2,0.1,0.2,-,2.3,0.4,1.5,0.3,1.3,1.5,37.4,2.5,0.8,0.1,2011-12
Emmerson Boyce,Wigan,eng,36,"D(CR),M(R)",180,73,26,2270,3,1,3,-,0.7,75,1.3,2,1.4,1.3,0.8,0.3,2.8,0.6,0.2,-,0.5,0.3,0.5,-,0.5,0.7,29.3,0.8,0.7,-,2011-12
Albert Crusat,Wigan,es,34,"M(CL),FW",165,65,4(11),486,1,-,1,-,0.5,84.4,-,-,0.7,0.3,0.3,-,0.2,0.5,-,-,0.4,0.3,0.5,0.2,0.3,0.7,10.7,0.2,0.4,0.1,2011-12
Mohamed Diamé,Wigan,sn,29,M(CLR),184,80,18(8),1595,3,-,4,-,1.4,83.9,0.4,-,3.2,1,1.3,-,0.7,0.8,0.1,-,0.7,1.3,0.7,-,1,1.1,28.2,0.1,3.2,-,2011-12
James McCarthy,Wigan,ie,25,M(C),180,72,33,2900,-,1,7,-,0.6,87.2,0.1,-,2.4,1.7,1.3,-,1.7,1,0.6,-,1,0.3,1,-,0.6,0.8,46.4,-,4.3,0.1,2011-12
Garry Monk,Swansea,eng,37,D(C),183,81,14(2),1263,-,-,3,-,-,89.3,1.6,-,1.2,0.8,0.9,0.8,5.9,0.4,0.4,-,0.1,-,0.6,-,0.1,0.1,53.1,-,2.8,-,2011-12
Andrea Orlandi,Swansea,es,32,AM(CLR),180,78,2(1),120,1,-,1,-,1.3,85,-,-,1,0.7,-,-,0.7,-,0.3,-,0.7,1.3,0.7,-,1.3,0.7,20,-,-,-,2011-12
Wayne Routledge,Swansea,eng,31,"M(CLR),FW",170,64,17(11),1463,1,4,2,-,0.5,79.2,0.2,-,0.8,0.7,0.6,-,0.4,0.3,-,-,0.7,0.8,1,0.3,1.9,1.5,24,0.3,0.4,0.2,2011-12
Stephen Dobbie,Swansea,sct,33,AM(C),178,71,2(6),258,-,-,-,-,1.6,74.3,-,-,0.9,0.4,0.1,-,-,0.8,-,-,0.3,0.4,0.1,-,1.9,1,13.6,0.3,0.5,-,2011-12
Alan Tate,Swansea,eng,34,Defender,185,85,1(4),164,-,-,-,-,-,87.7,0.2,-,1,0.4,0.4,-,2.4,0.2,1,-,0.4,-,0.6,-,-,-,16.2,-,0.4,-,2011-12
Ashley Williams,Swansea,wls,32,D(C),183,77,37,3330,1,1,6,-,0.5,85.3,1.5,-,1.5,2.2,1.1,0.4,8,0.2,1.1,-,0.3,0.2,0.4,-,0.2,0.4,70.1,-,8.8,0.1,2011-12
Josh McEachran,Swansea,eng,23,DMC,178,66,1(3),125,-,-,-,-,-,94.8,-,-,1,1,0.3,-,0.5,0.3,-,-,0.3,0.8,0.8,-,0.5,0.3,29,-,1.3,0.3,2011-12
Leroy Lita,Swansea,eng,31,Forward,170,75,4(12),456,2,1,1,-,0.8,75,0.4,1,0.2,0.4,0.5,-,0.1,0.1,-,-,0.2,0.1,0.4,0.1,0.9,0.6,6.5,-,0.1,-,2011-12
Scott Sinclair,Swansea,eng,27,AM(LR),175,64,35(3),3123,8,4,1,-,2.6,86.2,0.1,-,0.9,0.8,0.4,-,0.3,0.2,-,-,0.8,1.7,1.7,0.4,2,2.2,24.9,0.3,0.3,0.1,2011-12
Nathan Dyer,Swansea,eng,28,M(R),165,60,29(5),2376,5,2,1,1,1.3,84.4,0.1,4,1.8,1.2,0.9,0.1,0.4,0.9,-,-,1.3,2,1.9,0.1,2.7,2.3,30.3,0.3,0.5,0.1,2011-12
Gerhard Tremmel,Swansea,de,37,GK,190,86,1,90,-,-,-,-,-,77.8,-,-,-,-,-,-,2,-,-,-,-,-,-,-,-,-,27,-,10,-,2011-12
Vangelis Moras,Swansea,gr,35,D(C),193,78,0(1),4,-,-,-,-,-,50,-,-,-,-,-,-,3,-,-,-,-,-,-,-,-,-,2,-,-,-,2011-12
Joe Allen,Swansea,wls,26,M(C),168,62,31(5),2893,4,2,1,1,1.1,91.2,0.1,3,3,2.1,0.8,-,0.8,1.3,0.1,-,1.3,1,1.4,-,1.8,1.1,60.5,0.4,5.4,0.1,2011-12
Luke Moore,Swansea,eng,30,FW,176,76,3(17),521,2,-,1,-,0.5,84.3,0.3,-,0.6,0.1,0.9,-,0.4,0.1,0.1,-,0.4,0.3,0.7,0.1,0.8,0.8,9.9,-,0.2,-,2011-12
Kemy Agustien,Swansea,nl,30,DMC,175,75,7(6),713,-,-,3,-,0.6,82.2,0.3,-,0.8,0.4,0.7,-,1.3,0.6,0.2,-,1,0.3,0.7,-,0.7,0.3,40.2,0.4,3.6,0.2,2011-12
Danny Graham,Swansea,eng,31,FW,183,87,32(4),2848,12,2,-,-,2,77.4,0.5,-,0.4,0.5,0.5,-,1.1,0.1,0.1,1,0.6,0.3,0.7,0.8,0.8,1.4,16.4,0.1,0.4,0.1,2011-12
Gylfi Sigurdsson,Swansea,is,27,M(CLR),186,79,17(1),1500,7,3,-,-,3.9,84.5,0.2,3,1.6,1.4,0.8,-,0.4,0.6,0.3,-,2.8,0.9,1.4,-,2,1.7,37.3,2.1,1.6,0.3,2011-12
Mark Gower,Swansea,eng,37,M(C),180,75,14(6),1131,-,5,2,-,0.6,84.3,0.2,-,1.3,0.8,0.8,-,0.8,0.8,0.3,-,1.8,0.3,0.5,-,0.8,0.7,42.4,1.8,3.5,0.1,2011-12
Federico Bessone,Swansea,ar,32,Defender,179,72,0(1),4,-,-,-,-,-,71.4,-,-,-,-,-,-,-,-,-,-,-,-,-,-,-,-,7,-,1,-,2011-12
Steven Caulker,Swansea,eng,24,D(C),191,76,26,2340,-,1,2,-,0.7,87.3,1.7,-,1.3,1.2,0.5,0.4,7,0.3,1,-,0.2,0.1,0.5,-,0.2,0.4,61.5,-,3.3,-,2011-12
Angel Rangel,Swansea,es,33,D(R),188,84,32(2),2872,-,2,3,-,0.7,84.2,0.4,-,2.5,2.8,0.8,0.1,3.3,0.9,0.5,-,0.7,0.3,0.6,-,0.5,1.2,66.9,0.4,3.7,0.2,2011-12
Leon Britton,Swansea,eng,33,M(C),168,64,35(1),3020,-,-,3,-,0.1,93.4,0.1,-,1.7,1.6,0.4,-,1.1,0.4,0.3,-,0.3,0.6,1.2,-,0.9,0.8,62.7,-,3,-,2011-12
Jazz Richards,Swansea,wls,25,"D(LR),M(R)",185,78,6(2),575,-,-,4,-,-,87.8,0.3,-,2.5,1.4,1.1,0.1,2,0.9,0.1,-,0.3,0.1,0.5,-,0.6,-,46.3,0.4,2.5,-,2011-12
Neil Taylor,Swansea,wls,27,"D(L),M(L)",175,65,35(1),3088,-,1,4,-,0.2,85,0.5,-,2.5,1.1,0.7,0.2,2.7,0.7,0.3,1,0.6,0.5,0.6,0.1,0.6,0.7,47.3,0.4,1.6,0.1,2011-12
Michel Vorm,Swansea,nl,32,GK,183,84,37,3330,-,-,2,-,-,66.8,0.2,5,0.1,-,-,-,0.9,-,-,-,-,-,0.2,-,-,-,37.3,-,9.8,-,2011-12
